ID_CLIENTE;DATA_CADASTRO;DDD;FLAG_PF;SEGMENTO_INDUSTRIAL;DOMINIO_EMAIL;PORTE;CEP_2_DIG
1661240395903230676;2013-08-22;99;;Serviços;YAHOO;PEQUENO;65
8274986328479596038;2017-01-25;31;;Comércio;YAHOO;MEDIO;77
345447888460137901;2000-08-15;75;;Serviços;HOTMAIL;PEQUENO;48
1003144834589372198;2017-08-06;49;;Serviços;OUTLOOK;PEQUENO;89
324916756972236008;2011-02-14;88;;Serviços;GMAIL;GRANDE;62
4679462479444735708;2000-08-15;18;;Indústria;HOTMAIL;GRANDE;19
1276604410881911401;2000-08-15;67;;Indústria;YAHOO;PEQUENO;38
8123515208041701633;2011-02-14;21;;Serviços;GMAIL;PEQUENO;26
4530631557358349711;2000-08-15;11;;Serviços;HOTMAIL;PEQUENO;55
3668905663669864663;2011-02-14;44;;Comércio;BOL;GRANDE;87
7041489327620930099;2018-03-27;;;Serviços;HOTMAIL;GRANDE;37
3118152790263512426;2000-08-15;21;;;OUTLOOK;MEDIO;22
1366416810235233769;2000-08-15;19;;Comércio;YAHOO;GRANDE;13
4395946187332973749;2000-08-15;14;;Serviços;GMAIL;MEDIO;18
1299146298565441811;2000-08-15;21;;Serviços;HOTMAIL;MEDIO;21
4052557282157719526;2009-08-30;19;;Comércio;GMAIL;MEDIO;13
6795467882769787169;2014-06-23;11;;Serviços;HOTMAIL;PEQUENO;98
2550506309527280168;2000-08-15;16;;Comércio;GMAIL;MEDIO;14
8724731934863284019;2000-08-15;85;;Serviços;HOTMAIL;PEQUENO;60
314309872114206760;2011-02-14;41;;;YAHOO;GRANDE;82
2250817603281429928;2001-05-31;51;;Comércio;YAHOO;GRANDE;92
5301988619224057921;2016-02-24;67;;Indústria;GMAIL;;79
3248432590399829766;2000-08-15;12;;Comércio;YAHOO;MEDIO;12
4095739077267179172;2011-02-14;21;;Comércio;YAHOO;PEQUENO;27
2092588065958607289;2006-07-18;62;;Comércio;YAHOO;GRANDE;76
1078687383992817574;2000-08-15;43;;Indústria;OUTLOOK;GRANDE;67
4717593620120611957;2016-08-14;;;Comércio;YAHOO;GRANDE;72
7970976988071755401;2006-09-11;91;;Comércio;YAHOO;GRANDE;68
1683619849073499603;2000-08-15;19;;Comércio;AOL;GRANDE;13
8784237149961904;2011-02-14;11;;Comércio;HOTMAIL;PEQUENO;27
6926309382371178621;2012-05-29;12;;Serviços;HOTMAIL;GRANDE;11
5753677550753111444;2014-03-02;42;;Serviços;;GRANDE;84
4524147234488547993;2017-03-09;61;;Comércio;HOTMAIL;GRANDE;70
4347826483121154490;2000-08-15;33;;Indústria;YAHOO;MEDIO;38
6100972975033180377;2015-11-23;41;;Comércio;YAHOO;GRANDE;83
4334472256949955221;2012-03-11;48;;Serviços;YAHOO;GRANDE;88
2619109825960703851;2003-06-03;19;;Serviços;HOTMAIL;GRANDE;13
2397171153213063761;2016-11-29;62;;Indústria;YAHOO;MEDIO;75
683445437387317282;2011-02-14;33;;Indústria;YAHOO;GRANDE;36
192916471960784723;2017-08-09;;;Comércio;;PEQUENO;27
2634859679238614382;2000-08-15;11;;Comércio;YAHOO;GRANDE;22
940214356651040716;2013-07-29;75;;Indústria;GMAIL;GRANDE;45
1192891347324061812;2000-08-15;11;;Serviços;HOTMAIL;MEDIO;37
8901696535927078963;2011-02-14;71;;Serviços;GMAIL;GRANDE;44
3022528659032597047;2011-02-14;18;;Serviços;AOL;MEDIO;16
7810315632865163836;2015-11-25;91;;Indústria;YAHOO;MEDIO;68
6964108750473070287;2000-08-15;71;;Comércio;YAHOO;MEDIO;42
7818340804682162328;2011-02-14;21;;;HOTMAIL;MEDIO;26
7671566034617837932;2011-02-14;65;;Serviços;YAHOO;GRANDE;78
3192341047315717823;2002-01-24;31;;Serviços;HOTMAIL;MEDIO;31
162896151509189921;2017-10-19;;;Serviços;HOTMAIL;MEDIO;68
8729164666041467296;2014-03-13;71;;Serviços;GMAIL;;41
2645324649046215594;2011-02-14;38;;Serviços;YAHOO;MEDIO;35
382095722273502031;2011-02-14;11;;Indústria;YAHOO;PEQUENO;51
4795152981525833467;2011-02-14;24;;Comércio;YAHOO;GRANDE;27
2025898153078562640;2007-06-17;(3;;Serviços;GMAIL;PEQUENO;36
2451708306555441014;2000-08-15;41;;Comércio;YAHOO;MEDIO;83
4465150716052427320;2011-02-15;31;;Comércio;HOTMAIL;GRANDE;30
2088532321693492263;2012-08-27;31;;Serviços;GMAIL;MEDIO;35
2530707686830644666;2011-02-14;19;;Serviços;HOTMAIL;GRANDE;13
459290606780222306;2014-08-14;43;;Comércio;YAHOO;PEQUENO;86
4061297388883391410;2012-03-11;47;;Serviços;YAHOO;GRANDE;89
8961924617442201922;2011-02-14;11;;Serviços;GMAIL;MEDIO;25
4661684997487171886;2015-03-02;28;;Indústria;YAHOO;GRANDE;29
1104269683367198574;2000-08-15;31;;Serviços;AOL;PEQUENO;35
5761480994209806499;2015-12-29;;;Comércio;YAHOO;;35
4556737702757145073;2011-02-14;11;;Serviços;GMAIL;PEQUENO;55
1368430815953333691;2015-09-14;41;;Indústria;YAHOO;GRANDE;83
8915958534285799867;2005-11-24;11;;Comércio;AOL;GRANDE;68
835441927760881602;2014-08-07;65;;Comércio;HOTMAIL;GRANDE;78
3218792504195936313;2000-08-15;(2;;Serviços;HOTMAIL;MEDIO;21
5477900120643078645;2012-12-13;81;;Comércio;YAHOO;PEQUENO;55
3095686599956852697;2015-12-08;41;;Comércio;BOL;MEDIO;83
8348574220426911086;2011-02-14;11;;Comércio;AOL;PEQUENO;13
1357573192598249600;2011-02-14;19;;Comércio;YAHOO;MEDIO;13
5522764880180045081;2011-02-14;28;;Indústria;BOL;MEDIO;29
4043546053926060305;2007-02-05;14;;Indústria;GMAIL;MEDIO;17
8512214463586144353;2011-02-14;35;;Serviços;OUTLOOK;PEQUENO;37
837142477962609471;2011-12-22;41;;Serviços;GMAIL;MEDIO;83
410843023337872279;2011-02-14;13;;Comércio;HOTMAIL;MEDIO;11
8646472172649019955;2000-08-15;99;;Serviços;HOTMAIL;MEDIO;65
351031887141663937;2015-02-27;;;Indústria;GMAIL;GRANDE;78
4414438591613884911;2011-02-14;31;;Comércio;YAHOO;GRANDE;35
692350198401528327;2016-10-30;86;;Comércio;HOTMAIL;GRANDE;65
4569866309119931805;2008-06-03;21;;Serviços;YAHOO;GRANDE;23
5999145415800242177;2011-02-14;19;;Serviços;YAHOO;GRANDE;13
7930925883736021864;2014-03-02;;;Serviços;YAHOO;GRANDE;84
2678966409665050034;2011-02-14;21;;Serviços;AOL;MEDIO;20
4593070249039532001;2000-08-15;11;;Comércio;GMAIL;PEQUENO;93
7910340581026492945;2000-08-15;;;Comércio;YAHOO;GRANDE;64
5503391736465275980;2007-07-31;91;;Serviços;HOTMAIL;PEQUENO;77
6828316696355015040;2009-08-18;14;;Comércio;GMAIL;PEQUENO;17
5854364934896993687;2014-07-22;81;;Serviços;YAHOO;PEQUENO;55
959720947754650706;2017-08-06;;;Indústria;YAHOO;MEDIO;95
7485107528960607346;2010-08-04;;;Comércio;YAHOO;GRANDE;12
510795635145114083;2009-03-30;94;;Comércio;HOTMAIL;PEQUENO;68
6784879562354696650;2000-08-15;45;;;YAHOO;MEDIO;85
984915269987074754;2011-02-14;17;;Serviços;;GRANDE;15
499242942549937267;2007-10-17;16;;Serviços;AOL;GRANDE;14
6731795019313479942;2000-08-15;43;;Comércio;GMAIL;GRANDE;86
3829967475074118757;2007-03-19;;;Serviços;YAHOO;GRANDE;48
252206310123393284;2013-10-21;55;;Serviços;YAHOO;PEQUENO;98
4817816966382229074;2012-03-11;47;;Indústria;GMAIL;MEDIO;89
6545052034269841737;2016-10-04;64;;Indústria;YAHOO;MEDIO;75
107343823625119033;2000-08-15;11;;Indústria;YAHOO;PEQUENO;99
3279078057358159966;2015-04-01;11;;Serviços;GMAIL;PEQUENO;80
5225029212547588718;2000-08-15;19;;Comércio;YAHOO;MEDIO;13
5371387005775513675;2014-02-06;35;;Serviços;YAHOO;GRANDE;37
7347715771145302549;2012-03-11;11;;Comércio;YAHOO;MEDIO;92
93982185886107798;2011-07-13;88;;Comércio;YAHOO;GRANDE;62
6969348581033924947;2009-08-02;48;;Indústria;OUTLOOK;GRANDE;88
7367321179169390502;2015-11-24;35;;Comércio;YAHOO;MEDIO;37
7031913170099381454;2011-02-14;71;;Serviços;HOTMAIL;;48
7908414709866823255;2012-12-06;69;;Indústria;GMAIL;PEQUENO;76
649279100559994713;2011-05-16;64;;Serviços;;MEDIO;75
5897410907783139228;2011-02-14;32;;Comércio;GMAIL;GRANDE;36
8229446069655666941;2011-02-14;18;;Comércio;HOTMAIL;;16
6271697692808086495;2008-05-22;19;;Indústria;YAHOO;MEDIO;13
8716163053080758848;2017-02-21;48;;Indústria;YAHOO;GRANDE;88
3218226066162129945;2015-06-23;;;Indústria;HOTMAIL;PEQUENO;55
1536087798470875922;2018-03-20;85;;Indústria;GMAIL;PEQUENO;60
5860276371789140450;2011-02-15;91;;Serviços;HOTMAIL;GRANDE;67
665505091521986356;2011-05-16;11;;Serviços;GMAIL;MEDIO;12
851897122328714307;2011-02-14;21;;Comércio;YAHOO;MEDIO;24
6759864637454708017;2000-08-15;(6;;Serviços;GMAIL;GRANDE;68
465309249432033993;2014-07-23;69;;Comércio;GMAIL;GRANDE;76
824632039241482307;2011-05-19;99;;Serviços;YAHOO;MEDIO;65
3480297543931395935;2018-03-21;48;;Serviços;YAHOO;PEQUENO;88
8015571584405428572;2014-02-06;43;;Serviços;GMAIL;MEDIO;86
5409960473983330744;2011-02-14;;;Serviços;YAHOO;MEDIO;61
4071158585850879204;2000-08-15;18;;Indústria;HOTMAIL;GRANDE;17
6985631100944640910;2011-02-14;27;;Comércio;BOL;GRANDE;29
1292049196559782171;2013-05-05;66;;Serviços;HOTMAIL;MEDIO;78
4635578010631860111;2012-03-26;41;;Comércio;GMAIL;GRANDE;83
238894451665334246;2014-08-21;;;Serviços;YAHOO;MEDIO;29
7595945751692012281;2011-02-14;51;;Indústria;HOTMAIL;MEDIO;90
1958660709350677213;2016-11-22;62;;Indústria;GMAIL;MEDIO;75
1454789421854453615;2006-12-18;24;;Serviços;GMAIL;PEQUENO;23
4614484019183480654;2011-02-14;51;;Indústria;YAHOO;MEDIO;93
7541360189313243820;2017-09-20;27;;Serviços;BOL;MEDIO;35
6582676833651678345;2011-02-14;13;;Comércio;OUTLOOK;MEDIO;11
4089244710305890246;2006-08-01;71;;Comércio;AOL;GRANDE;41
2012477868296377155;2011-02-14;17;;Indústria;HOTMAIL;MEDIO;15
3713742318997880410;2000-08-15;16;;Comércio;HOTMAIL;PEQUENO;14
4008627434689715639;2000-08-15;12;;Serviços;HOTMAIL;PEQUENO;12
4335865859049992260;2000-08-15;31;;Serviços;HOTMAIL;MEDIO;30
7816319470107777265;2000-08-15;21;;Comércio;YAHOO;MEDIO;21
6238903426443761049;2016-08-07;85;;Serviços;GMAIL;MEDIO;60
2943087245123311166;2014-03-31;69;;Comércio;HOTMAIL;PEQUENO;76
5726178124659661019;2015-08-16;63;;Indústria;GMAIL;MEDIO;68
7770458886439606839;2017-08-03;62;;Serviços;GMAIL;GRANDE;75
1343849459953365123;2016-10-18;14;;Serviços;GMAIL;PEQUENO;16
5611787644735474299;2000-08-15;;;Serviços;HOTMAIL;MEDIO;83
5574997762710520717;2011-05-16;27;;;GMAIL;GRANDE;29
8409181491723988567;2000-08-15;24;;Indústria;YAHOO;MEDIO;26
312543480920432545;2011-02-14;46;;Comércio;GMAIL;PEQUENO;85
1210783884008131648;2000-08-15;(1;;Serviços;YAHOO;MEDIO;13
8828303152301461681;2000-08-15;32;;Serviços;GMAIL;GRANDE;36
662944582644865942;2000-08-15;81;;Comércio;YAHOO;GRANDE;50
7289435138601868544;2014-07-20;11;;Serviços;GMAIL;GRANDE;99
7325545718770538459;2011-02-15;11;;Comércio;AOL;GRANDE;87
2658946240987854807;2009-03-30;62;;Serviços;BOL;GRANDE;75
3118683330911759410;2011-02-14;85;;Serviços;HOTMAIL;PEQUENO;61
1036256411320325774;2000-08-15;21;;Serviços;YAHOO;PEQUENO;20
417157680860985231;2000-08-15;54;;Comércio;GMAIL;MEDIO;96
8041261093764417881;2011-02-14;14;;Comércio;HOTMAIL;GRANDE;18
5591489215787777256;2011-02-14;55;;Serviços;AOL;GRANDE;97
8398000036517692656;2013-06-16;77;;Serviços;HOTMAIL;GRANDE;45
2684293212741157926;2018-07-25;;;Comércio;GMAIL;PEQUENO;95
234898976850399181;2011-05-16;19;;Comércio;HOTMAIL;MEDIO;13
7231408738455755015;2006-07-26;17;;Serviços;HOTMAIL;;14
4972567100282306577;2006-07-09;11;;Serviços;YAHOO;MEDIO;57
2508429106201166689;2014-06-02;77;;Serviços;GMAIL;GRANDE;45
2455576782104041698;2000-08-15;11;;Comércio;HOTMAIL;GRANDE;46
361555714683085449;2009-06-11;11;;Comércio;GMAIL;GRANDE;99
4791195031160012361;2011-11-15;34;;Comércio;GMAIL;MEDIO;38
2290083177086946553;2014-09-18;31;;Comércio;AOL;PEQUENO;31
8195468623809753777;2000-08-15;11;;Serviços;HOTMAIL;MEDIO;98
6941381638534728190;2017-05-22;74;;Serviços;HOTMAIL;MEDIO;44
6330043096034525408;2015-07-21;77;;Serviços;HOTMAIL;PEQUENO;47
3355881107559250653;2011-02-14;31;;Comércio;HOTMAIL;GRANDE;32
7395696797140470088;2000-08-15;37;;Indústria;;PEQUENO;37
3275327267689584006;2016-01-31;94;;Indústria;HOTMAIL;MEDIO;68
5799279645678609726;2015-11-15;49;;Indústria;HOTMAIL;GRANDE;89
4571290108043699959;2000-08-15;;;Comércio;GMAIL;GRANDE;15
4724876423989598202;2011-02-14;34;;Indústria;GMAIL;MEDIO;38
2347028805684088098;2000-08-15;54;;Comércio;YAHOO;GRANDE;95
7637066986811047950;2014-09-16;81;;Indústria;HOTMAIL;GRANDE;54
7167988599372526790;2017-07-02;21;;Indústria;YAHOO;MEDIO;24
9206030810342980458;2005-08-08;11;;Serviços;HOTMAIL;MEDIO;91
7963861799566207637;2000-08-15;54;;Indústria;GMAIL;PEQUENO;95
5602023133976834072;2000-08-15;53;;Indústria;YAHOO;GRANDE;56
3742264304742819339;2016-01-11;86;;Comércio;HOTMAIL;MEDIO;64
170089315547146305;2000-08-15;18;;Serviços;HOTMAIL;GRANDE;19
8231834408402328152;2011-02-14;18;;Serviços;;MEDIO;19
968199235777440720;2011-02-15;67;;Serviços;YAHOO;MEDIO;79
4202876623878743806;2009-04-28;11;;Serviços;YAHOO;GRANDE;13
7457803471605010846;2000-08-15;56;;Serviços;GMAIL;GRANDE;93
968400235888951633;2014-02-02;;;Comércio;YAHOO;PEQUENO;95
7571271990906543121;2011-02-15;;;Serviços;AOL;MEDIO;18
7177785309735471560;2014-02-02;46;;Serviços;GMAIL;MEDIO;85
3472934456083131714;2011-02-14;16;;Indústria;YAHOO;GRANDE;14
1118514612547157551;2013-10-31;65;;Serviços;YAHOO;PEQUENO;78
5888474320320735000;2014-12-22;95;;Indústria;GMAIL;GRANDE;65
5606267905834401873;2012-10-01;54;;Indústria;YAHOO;MEDIO;99
2763141362035716801;2011-02-14;11;;Comércio;GMAIL;PEQUENO;38
6617479989097680138;2006-08-06;41;;Comércio;GMAIL;MEDIO;80
2382123267535341265;2011-02-14;22;;Serviços;GMAIL;MEDIO;28
4935929591787890253;2011-02-14;11;;Serviços;HOTMAIL;GRANDE;71
6227190030200106151;2011-02-14;73;;Serviços;GMAIL;MEDIO;45
3095408468798675621;2015-08-09;17;;Serviços;GMAIL;MEDIO;15
5271591321704178730;2014-10-21;34;;Serviços;YAHOO;MEDIO;38
5763886458177210090;2016-12-11;77;;Serviços;YAHOO;GRANDE;45
5791518044186095039;2000-08-15;(9;;Serviços;HOTMAIL;PEQUENO;68
2677901391425651891;2000-08-15;19;;Serviços;GMAIL;MEDIO;13
1778014915038250584;2008-12-09;27;;Comércio;OUTLOOK;PEQUENO;29
6198047969028248384;2016-02-23;66;;Indústria;YAHOO;GRANDE;78
2467590416042313927;2000-08-15;11;;Indústria;YAHOO;PEQUENO;12
1616952665234409442;2011-12-04;;;Comércio;YAHOO;GRANDE;28
6950439982480713649;2011-02-14;35;;Comércio;GMAIL;PEQUENO;37
5462970244186515758;2011-02-14;43;;Comércio;HOTMAIL;MEDIO;86
5465001651966355821;2000-08-15;61;;Indústria;GMAIL;MEDIO;72
689004070169545786;2000-08-15;73;;Serviços;OUTLOOK;GRANDE;45
5042877476420217533;2012-03-26;41;;Serviços;YAHOO;GRANDE;83
2554972344348383830;2018-03-28;48;;Serviços;GMAIL;GRANDE;88
6337915293429442229;2013-11-26;13;;Comércio;HOTMAIL;GRANDE;11
180672270337706285;2004-06-01;31;;Serviços;GMAIL;PEQUENO;33
7590999900861381526;2015-03-19;85;;Comércio;HOTMAIL;MEDIO;62
4183921942053157552;2011-02-14;;;Serviços;YAHOO;MEDIO;29
6916556752218696485;2008-09-11;31;;Serviços;OUTLOOK;GRANDE;32
7182085930008391174;2011-02-14;28;;Comércio;AOL;GRANDE;29
3093415403379897112;2011-02-14;16;;Serviços;AOL;MEDIO;14
6643358471662528195;2014-02-02;54;;Serviços;GMAIL;GRANDE;95
1551531256789550891;2011-02-14;13;;Serviços;YAHOO;GRANDE;11
5303720405946805990;2011-02-14;46;;Comércio;YAHOO;GRANDE;85
6817075905797098547;2007-05-02;18;;;AOL;GRANDE;16
2083323809219952960;2000-08-15;16;;Indústria;GMAIL;MEDIO;14
4995217181024687397;2000-08-15;17;;Serviços;HOTMAIL;GRANDE;15
3386019519917828299;2013-04-17;27;;Indústria;HOTMAIL;MEDIO;29
2201150681962815877;2011-02-15;43;;Indústria;YAHOO;GRANDE;86
7810985951121711480;2011-02-14;11;;;AOL;MEDIO;33
5864443060004179363;2000-08-15;11;;Serviços;GMAIL;GRANDE;98
2768068015169423097;2012-05-08;11;;Serviços;YAHOO;GRANDE;80
8080988579391900405;2011-02-14;51;;Comércio;GMAIL;PEQUENO;94
5369576709077493659;2000-08-15;12;;Indústria;GMAIL;GRANDE;12
1953058402621337677;2017-11-26;65;;Indústria;GMAIL;PEQUENO;78
2951563549197799278;2000-08-15;11;;Comércio;AOL;PEQUENO;13
8826489829259520138;2011-02-14;11;;Comércio;GMAIL;MEDIO;93
5082813456193598086;2012-05-21;16;;Comércio;GMAIL;GRANDE;14
670573866376512619;2015-11-12;34;;Comércio;HOTMAIL;MEDIO;13
8684964138237894839;2016-03-09;21;;Indústria;YAHOO;GRANDE;25
5440313607363845188;2000-08-15;11;;Serviços;GMAIL;GRANDE;96
274692171162531764;2005-08-03;19;;Serviços;GMAIL;PEQUENO;13
761746217261797478;2014-11-03;17;;Serviços;YAHOO;GRANDE;15
1088521227159442264;2000-08-15;(4;;Serviços;YAHOO;PEQUENO;89
792560389712312178;2000-08-15;11;;Comércio;HOTMAIL;GRANDE;97
6030285068945261052;2000-08-15;52;;Comércio;AOL;MEDIO;58
660382477567765256;2011-02-14;11;;Indústria;YAHOO;MEDIO;90
6284433051333854194;2017-03-09;11;;Comércio;YAHOO;GRANDE;12
7696655736121386405;2000-08-15;51;;Comércio;HOTMAIL;GRANDE;94
3285246914299291124;2011-02-14;43;;Serviços;HOTMAIL;MEDIO;86
2119292203323657032;2012-03-11;47;;Serviços;GMAIL;PEQUENO;89
903093877129717133;2000-08-15;11;;Serviços;HOTMAIL;GRANDE;44
7664272163315705419;2011-02-14;19;;Serviços;HOTMAIL;MEDIO;13
5434353421615275749;2011-02-14;11;;Indústria;GMAIL;GRANDE;76
7750874287225529604;2011-02-14;11;;Serviços;GMAIL;PEQUENO;31
1998941557906036376;2011-02-14;12;;Comércio;GMAIL;GRANDE;12
5432443358006556295;2006-01-09;19;;Serviços;GMAIL;MEDIO;13
3036967290595689189;2000-08-15;11;;Indústria;AOL;GRANDE;34
3137879241768961145;2015-04-26;87;;Comércio;AOL;GRANDE;56
5048392903148444335;2011-05-23;81;;Indústria;YAHOO;GRANDE;55
6968106554514688300;2011-05-16;21;;Comércio;YAHOO;GRANDE;23
7751080728852739823;2000-08-15;18;;Comércio;HOTMAIL;PEQUENO;16
5108407319813072955;2000-08-15;11;;Comércio;BOL;GRANDE;47
4327694790333781288;2014-03-02;42;;Serviços;HOTMAIL;PEQUENO;84
8505870778358741102;2011-02-14;98;;Serviços;GMAIL;GRANDE;65
257162352336759783;2011-02-14;12;;Serviços;YAHOO;GRANDE;12
6532139198609901627;2011-02-14;73;;Serviços;GMAIL;GRANDE;45
7492389223353246125;2000-08-15;71;;Comércio;YAHOO;GRANDE;56
1553628056929342565;2009-09-29;(8;;Comércio;YAHOO;MEDIO;59
7720744580848517371;2017-12-10;92;;Serviços;HOTMAIL;MEDIO;69
6927178425683104769;2000-08-15;41;;Serviços;AOL;MEDIO;82
39547025441582855;2015-02-12;77;;Serviços;GMAIL;PEQUENO;47
8643106054593378360;2015-11-05;11;;Serviços;YAHOO;MEDIO;71
7120090169052575663;2000-08-15;86;;Serviços;GMAIL;GRANDE;64
963687627963462983;2012-03-11;47;;Comércio;BOL;MEDIO;89
2335982750277990437;2007-06-10;61;;Serviços;AOL;GRANDE;30
5687511145009775604;2014-12-02;98;;Serviços;YAHOO;MEDIO;65
4489904752023469353;2000-08-15;19;;Indústria;GMAIL;GRANDE;13
8939476669690489534;2009-11-22;31;;Comércio;HOTMAIL;PEQUENO;35
8785648114090695180;2013-07-09;21;;Serviços;HOTMAIL;MEDIO;25
5067621068959932809;2011-02-14;33;;Serviços;HOTMAIL;GRANDE;35
1272921915900711149;2006-09-26;11;;Comércio;GMAIL;MEDIO;91
5503073374822479037;2000-08-15;37;;Indústria;GMAIL;MEDIO;21
7920896580423665241;2011-02-14;24;;Serviços;HOTMAIL;MEDIO;27
8874257794774679816;2012-04-26;41;;Comércio;GMAIL;MEDIO;89
2761181567313020223;2017-04-17;12;;Indústria;HOTMAIL;MEDIO;12
3698481516392183789;2011-02-14;44;;Indústria;GMAIL;MEDIO;87
3760177249735580557;2012-03-15;11;;Comércio;GMAIL;GRANDE;77
8400764778654490278;2016-08-11;41;;Comércio;GMAIL;MEDIO;80
7895753719321668294;2017-07-11;73;;Serviços;HOTMAIL;GRANDE;45
8897340779547593728;2017-07-05;11;;Indústria;GMAIL;GRANDE;71
3025708129948185495;2009-10-15;;;Comércio;HOTMAIL;PEQUENO;19
1115703227712697214;2011-02-14;82;;Comércio;AOL;MEDIO;57
5176940320835464459;2011-02-14;49;;Comércio;YAHOO;GRANDE;89
3156852928909455203;2009-08-12;98;;Serviços;GMAIL;MEDIO;65
3977861004707764824;2011-02-14;44;;Serviços;GMAIL;GRANDE;87
1951407691087813358;2000-08-15;12;;Comércio;HOTMAIL;GRANDE;12
8245393384938410770;2004-12-06;55;;Indústria;HOTMAIL;MEDIO;97
5338466578956451922;2018-06-05;;;Indústria;GMAIL;GRANDE;59
187117706370645370;2009-04-01;65;;Serviços;YAHOO;MEDIO;78
3228830386980584958;2000-08-15;51;;Comércio;YAHOO;PEQUENO;94
5988277776808227480;2000-08-15;16;;Comércio;YAHOO;;15
8305404138704642088;2011-09-27;62;;Indústria;GMAIL;GRANDE;74
1052398277967427422;2013-10-03;77;;Serviços;YAHOO;GRANDE;46
1235244772550233980;2000-08-15;77;;Comércio;GMAIL;GRANDE;45
2466177460692220853;2016-02-23;46;;Serviços;GMAIL;MEDIO;85
7108899417216809461;2015-02-19;94;;Indústria;GMAIL;PEQUENO;68
3634047863995720708;2015-03-03;11;;Serviços;YAHOO;GRANDE;12
3382624494518753363;2014-11-10;81;;Indústria;GMAIL;MEDIO;55
6134696632487351445;2006-02-22;11;;Indústria;OUTLOOK;MEDIO;25
7436628409157313756;2000-08-15;41;;Indústria;AOL;PEQUENO;80
5341957521413340599;2011-02-14;47;;Comércio;BOL;GRANDE;89
7779268298304613772;2011-02-14;19;;Indústria;GMAIL;GRANDE;13
2493305884832539159;2000-08-15;71;;Comércio;HOTMAIL;PEQUENO;40
4850722092974676955;2014-10-15;87;;Serviços;YAHOO;PEQUENO;56
6031976689490342098;2000-08-15;62;;Comércio;YAHOO;MEDIO;74
66220087398241662;2016-09-15;62;;Comércio;HOTMAIL;MEDIO;13
49632905576538927;2014-04-27;42;;Comércio;YAHOO;GRANDE;80
682352428813668634;2000-08-15;98;;Indústria;HOTMAIL;MEDIO;35
5856610998569876318;2011-02-14;21;;Indústria;GMAIL;MEDIO;22
1343530446996409207;2017-09-27;11;;Serviços;HOTMAIL;GRANDE;18
3660744270380078352;2008-07-21;65;;Indústria;HOTMAIL;PEQUENO;78
2735662700719640627;2013-09-26;85;;Serviços;GMAIL;MEDIO;61
1000372849175668062;2011-02-14;17;;Indústria;HOTMAIL;GRANDE;14
1069093308328204542;2014-02-02;54;;Serviços;OUTLOOK;GRANDE;99
5540361570968095722;2011-02-14;11;;Comércio;HOTMAIL;MEDIO;13
5810778736737569699;2000-08-15;35;;Comércio;HOTMAIL;PEQUENO;37
6521201759558790083;2013-11-18;37;;Serviços;OUTLOOK;MEDIO;35
7451017400765373278;2000-08-15;34;;Comércio;OUTLOOK;PEQUENO;38
9052787288251876909;2014-02-02;54;;Serviços;GMAIL;GRANDE;99
3807130563335796378;2009-01-11;;;Indústria;HOTMAIL;PEQUENO;46
4102750661040919723;2018-01-07;;;Indústria;GMAIL;GRANDE;85
6448580780254847411;2018-05-13;;;Indústria;GMAIL;MEDIO;89
121658372387044248;2011-02-14;22;;Comércio;YAHOO;GRANDE;28
3898162407838983449;2018-07-25;;;Serviços;GMAIL;MEDIO;93
8596605705893456305;2013-09-18;62;;Comércio;YAHOO;GRANDE;75
8111050199502844765;2012-05-06;;;Serviços;HOTMAIL;MEDIO;57
511305041047444825;2011-02-14;79;;Serviços;YAHOO;GRANDE;49
7665801401860589626;2011-02-14;99;;Serviços;GMAIL;PEQUENO;65
2128970218770090704;2017-02-07;62;;Comércio;YAHOO;GRANDE;75
5547032541615425352;2000-08-15;11;;Serviços;AOL;GRANDE;62
1637960623843047520;2000-08-15;24;;Comércio;HOTMAIL;MEDIO;25
8215958479134054873;2018-02-14;;;Comércio;OUTLOOK;MEDIO;96
86110062990790869;2000-08-15;71;;Indústria;AOL;GRANDE;43
3704808902628008971;2000-08-15;54;;Serviços;GMAIL;MEDIO;95
5613825020130267729;2016-06-08;;;Serviços;YAHOO;MEDIO;85
8529899700094903171;2000-08-15;32;;Comércio;GMAIL;GRANDE;36
1308019675417057675;2016-07-28;61;;Comércio;BOL;PEQUENO;72
5460280878923715699;2012-03-11;48;;Comércio;HOTMAIL;MEDIO;88
8270671464659850683;2013-09-22;55;;Indústria;HOTMAIL;MEDIO;97
8662923640484889291;2011-02-14;86;;Comércio;HOTMAIL;GRANDE;64
6987942592445950913;2000-08-15;(1;;Serviços;HOTMAIL;MEDIO;20
3238269558731666664;2011-02-14;11;;Comércio;OUTLOOK;MEDIO;43
7085295800541340563;2000-08-15;19;;Indústria;YAHOO;MEDIO;13
7930644815080409701;2011-02-14;86;;Comércio;YAHOO;MEDIO;64
4831939798545673038;2006-08-02;49;;Comércio;GMAIL;GRANDE;89
8313765100460016738;2008-09-25;14;;Comércio;GMAIL;GRANDE;17
2022367282554149730;2009-04-01;;;Comércio;OUTLOOK;MEDIO;75
1195244642827484543;2017-09-11;27;;Comércio;GMAIL;;32
8350724667410677464;2011-05-30;85;;Serviços;YAHOO;GRANDE;61
6486277549325701534;2008-08-11;14;;Serviços;HOTMAIL;MEDIO;17
2785178201607654410;2011-02-14;18;;Indústria;GMAIL;PEQUENO;15
4919908458022265747;2011-02-14;19;;Serviços;HOTMAIL;GRANDE;13
9205015186723569289;2012-03-11;49;;Comércio;GMAIL;PEQUENO;89
7722287846688771887;2014-10-23;16;;Serviços;HOTMAIL;GRANDE;15
1874361799315286610;2012-03-11;49;;Indústria;GMAIL;MEDIO;89
5884104941462322372;2018-01-07;65;X;;GMAIL;GRANDE;78
8287608084245946173;2014-03-02;51;;Comércio;YAHOO;MEDIO;93
8213533889694327948;2000-08-15;91;;Comércio;GMAIL;MEDIO;66
3045840317107313913;2000-08-15;19;;Indústria;YAHOO;GRANDE;13
2214132103234633622;2012-06-04;35;;Indústria;YAHOO;MEDIO;37
7949169060790541229;2000-08-15;48;;Serviços;YAHOO;PEQUENO;88
7621083433504010869;2008-07-28;11;;Serviços;GMAIL;GRANDE;87
5794903898038236832;2000-08-15;21;;Serviços;GMAIL;;23
6020593949794792044;2014-03-27;51;;Indústria;YAHOO;PEQUENO;95
4045739494965095560;2014-01-13;41;;Indústria;YAHOO;MEDIO;83
6122719618012473549;2007-11-05;;;Indústria;GMAIL;MEDIO;40
7787306805605072964;2013-06-10;93;;Serviços;GMAIL;PEQUENO;68
6824842959463625344;2015-10-15;;X;;GMAIL;GRANDE;29
8503092146854371576;2012-10-15;83;;Comércio;OUTLOOK;PEQUENO;58
3204108603682323936;2015-08-20;31;;Serviços;GMAIL;MEDIO;32
4588313530969303734;2011-02-14;32;;Comércio;GMAIL;PEQUENO;36
5786895437851445408;2012-03-11;47;;Comércio;HOTMAIL;GRANDE;88
5122095358293179297;2011-02-15;19;;Indústria;GMAIL;MEDIO;13
2900002014851776114;2014-02-02;55;;Serviços;GMAIL;GRANDE;98
3591324331706630867;2014-02-02;49;;Comércio;YAHOO;MEDIO;89
1044568737046072781;2009-01-04;69;;Indústria;HOTMAIL;PEQUENO;76
4749976982519957792;2006-03-01;11;;Indústria;YAHOO;MEDIO;17
5732713959930509093;2012-01-23;55;;Indústria;AOL;GRANDE;92
5511113649464808344;2007-05-30;71;;Serviços;GMAIL;MEDIO;42
1613152204777372951;2013-09-02;85;;Comércio;GMAIL;MEDIO;62
696014079855281037;2000-08-15;16;;Serviços;GMAIL;;15
9089528044547831569;2015-01-22;46;;Comércio;GMAIL;GRANDE;85
5880041582322293710;2011-02-14;47;;Comércio;OUTLOOK;GRANDE;89
2773493808492482979;2017-02-05;43;;Comércio;YAHOO;PEQUENO;86
4740535838297269949;2009-02-09;11;;Comércio;YAHOO;MEDIO;64
8106044482585783481;2015-06-09;21;;Serviços;AOL;GRANDE;28
5577659616907513811;2016-02-24;94;;Serviços;GMAIL;MEDIO;68
8570963260597299378;2011-04-05;51;;Indústria;GMAIL;GRANDE;93
1559814738862939390;2018-01-28;69;;Indústria;OUTLOOK;MEDIO;78
175003104385133396;2012-07-18;48;;Serviços;YAHOO;PEQUENO;88
4785355632922927313;2011-08-04;22;;Comércio;GMAIL;MEDIO;28
6217788509719675691;2011-02-14;11;;Comércio;GMAIL;MEDIO;37
5136739522477907100;2014-07-16;77;;Indústria;HOTMAIL;MEDIO;47
3382609338395832683;2014-03-26;85;;Comércio;HOTMAIL;GRANDE;61
6012031176108922616;2007-03-08;21;;Indústria;OUTLOOK;PEQUENO;22
6276792736652545216;2013-04-23;;;Indústria;HOTMAIL;MEDIO;37
8535586342375301953;2017-11-07;32;;Comércio;YAHOO;MEDIO;36
8715120689636420963;2018-02-28;55;;Indústria;GMAIL;GRANDE;97
8480109508191086169;2011-02-14;11;;Indústria;GMAIL;PEQUENO;40
6456490958004500912;2011-02-14;31;;Serviços;GMAIL;MEDIO;34
1698828605814171242;2015-05-20;21;;Serviços;GMAIL;GRANDE;25
5263285038415073073;2017-11-06;91;;Serviços;YAHOO;MEDIO;68
2606594191222500726;2010-11-23;85;;Serviços;GMAIL;;30
8248484932270772248;2017-10-24;71;;Serviços;YAHOO;GRANDE;45
4758362594913729429;2016-12-25;13;;Comércio;;MEDIO;11
6858769421191999702;2000-08-15;00;;Serviços;YAHOO;GRANDE;13
2860472732401119424;2013-06-23;21;;Indústria;YAHOO;GRANDE;22
7215093571368368138;2000-08-15;32;;;YAHOO;GRANDE;36
4942577693958917591;2018-05-17;44;;Comércio;GMAIL;GRANDE;87
8332840690177201182;2014-02-19;94;;Serviços;GMAIL;MEDIO;68
2819054834565698513;2011-05-16;63;;Serviços;HOTMAIL;PEQUENO;77
3161361581909316305;2014-02-02;41;;Indústria;OUTLOOK;PEQUENO;83
8405044237103061926;2011-02-14;19;;Comércio;HOTMAIL;GRANDE;13
4444330375740387073;2007-04-19;66;;Indústria;OUTLOOK;GRANDE;68
4820852183212661131;2011-02-14;47;;Comércio;HOTMAIL;GRANDE;88
6547707428090179960;2011-02-14;99;;Indústria;HOTMAIL;MEDIO;65
8292458529987016717;2015-06-10;71;;Serviços;OUTLOOK;MEDIO;48
4831988987853936627;2011-02-14;33;;Serviços;HOTMAIL;MEDIO;39
3724562776372632620;2015-12-17;;;Serviços;YAHOO;MEDIO;46
9127318190908282126;2011-02-14;11;;Serviços;YAHOO;PEQUENO;13
9184785003280841216;2011-02-14;;;Comércio;GMAIL;MEDIO;62
1117184216453911295;2011-02-14;79;;Comércio;HOTMAIL;GRANDE;49
6091519986999196884;2011-02-14;27;;Comércio;HOTMAIL;MEDIO;29
9086764557051796364;2017-08-17;64;;Indústria;GMAIL;;75
4714214581184951490;2011-02-14;35;;Serviços;HOTMAIL;MEDIO;37
2535803443850893368;2011-02-14;21;;Comércio;OUTLOOK;MEDIO;26
7141263195360679278;2000-08-15;(5;;Comércio;AOL;MEDIO;90
7986579715832156923;2015-10-26;44;;Comércio;GMAIL;PEQUENO;87
2407532237672094312;2015-05-17;67;;Indústria;OUTLOOK;MEDIO;79
1533755281771668509;2000-08-15;54;;Indústria;;PEQUENO;42
8623308321032624474;2015-07-20;22;;Comércio;GMAIL;GRANDE;28
7442192566700924647;2013-04-18;11;;Serviços;YAHOO;MEDIO;86
652740132671309295;2015-07-13;55;;Indústria;YAHOO;MEDIO;98
7992317448197179816;2018-06-24;;;Serviços;GMAIL;MEDIO;13
4079447215339975026;2015-12-08;55;;Indústria;GMAIL;GRANDE;98
2369364892942408355;2017-06-25;41;;Comércio;OUTLOOK;MEDIO;73
6325701146112164499;2013-09-17;;;Comércio;GMAIL;GRANDE;11
7838728548369705327;2013-09-22;;X;;GMAIL;GRANDE;77
6204723742351094322;2000-08-15;51;;Serviços;OUTLOOK;GRANDE;95
1192810733461560329;2011-02-14;54;;Comércio;GMAIL;MEDIO;95
9038299527164672091;2014-03-24;66;;Comércio;YAHOO;MEDIO;78
9098842671739010918;2014-01-05;63;;Comércio;;MEDIO;77
2532435113844289043;2000-08-15;21;;Serviços;GMAIL;MEDIO;25
1741049493106216406;2016-09-05;61;;Comércio;OUTLOOK;MEDIO;72
1492506290963489177;2000-08-15;27;;Serviços;HOTMAIL;GRANDE;35
8889055492416898333;2011-02-14;27;;Comércio;GMAIL;GRANDE;29
7444686668183702737;2018-07-01;43;;Indústria;HOTMAIL;GRANDE;86
3027683745465216663;2000-08-15;19;;Comércio;YAHOO;GRANDE;13
3281818438120834833;2015-07-13;83;;Serviços;HOTMAIL;MEDIO;58
5752688018135006198;2018-03-14;21;;Indústria;GMAIL;GRANDE;23
798425422240919854;2000-08-15;37;;Serviços;HOTMAIL;GRANDE;42
4995679129936981612;2013-07-22;91;;Comércio;HOTMAIL;GRANDE;68
1182975716201409626;2011-02-15;44;;Serviços;YAHOO;GRANDE;87
5274777191770957761;2014-11-26;62;;Comércio;OUTLOOK;GRANDE;14
5487870288449327165;2015-11-08;91;;Comércio;BOL;MEDIO;68
6098833389547425063;2015-07-28;(2;;Comércio;GMAIL;GRANDE;28
7848910047105468475;2018-05-09;;;Comércio;GMAIL;GRANDE;18
5166128847048245697;2000-08-15;11;;Comércio;HOTMAIL;PEQUENO;58
4532469127306079736;2013-10-24;21;;Indústria;YAHOO;GRANDE;23
7870373680211625064;2013-12-09;94;;Comércio;OUTLOOK;MEDIO;68
3832944730982767714;2014-06-08;24;;Comércio;YAHOO;MEDIO;27
5255460548789019114;2015-10-26;51;;Serviços;YAHOO;PEQUENO;96
8382418367191468432;2018-01-16;51;;Indústria;YAHOO;MEDIO;95
780065359501679358;2014-07-03;91;;Indústria;YAHOO;PEQUENO;68
5893903674205161232;2011-02-15;63;;Comércio;OUTLOOK;MEDIO;77
2408009918678280470;2004-08-29;93;;Comércio;YAHOO;GRANDE;68
524026009392362402;2000-08-15;(1;;Serviços;YAHOO;MEDIO;50
5635781225931111684;2014-04-06;14;;Comércio;HOTMAIL;MEDIO;16
6681781879793693802;2011-02-14;86;;Indústria;AOL;MEDIO;64
8255085612985072878;2013-11-25;11;;Comércio;GMAIL;GRANDE;98
717981637594591016;2011-02-14;15;;Serviços;GMAIL;MEDIO;18
3195023578711095555;2016-10-25;31;;Serviços;YAHOO;GRANDE;35
6349142675790687765;2012-10-31;71;;Serviços;HOTMAIL;PEQUENO;47
8548612698724688238;2000-08-15;75;;Serviços;YAHOO;GRANDE;25
2020646654269061959;2000-08-15;(9;;Comércio;YAHOO;MEDIO;69
8909740532547211288;2011-12-20;92;;Serviços;HOTMAIL;MEDIO;69
7330131219998265639;2013-01-16;11;;Indústria;YAHOO;MEDIO;41
8196449005061156808;2011-02-14;98;;Serviços;YAHOO;PEQUENO;65
8522044805243541048;2018-01-07;21;;Serviços;HOTMAIL;MEDIO;25
4704345573576551103;2017-04-24;37;;Indústria;YAHOO;MEDIO;45
1266005398529207853;2018-01-29;;;Serviços;HOTMAIL;MEDIO;81
7613717984547031729;2011-02-14;24;;Indústria;HOTMAIL;MEDIO;25
8779038337925278543;2014-03-02;;;Serviços;HOTMAIL;PEQUENO;98
1748142500108801439;2005-02-15;77;;Serviços;HOTMAIL;MEDIO;45
2805743565496207618;2016-11-27;22;;Indústria;GMAIL;GRANDE;28
3306590223632993094;2011-02-14;19;;Indústria;HOTMAIL;MEDIO;13
1088268935649917461;2017-05-17;94;;Serviços;YAHOO;PEQUENO;68
2032592272238235730;2009-04-21;;;Indústria;YAHOO;MEDIO;38
8083157716178259762;2014-02-02;55;;Indústria;YAHOO;MEDIO;97
1610763516326092136;2016-09-27;62;;Serviços;HOTMAIL;MEDIO;75
5692263270628375692;2000-08-15;02;;Indústria;YAHOO;MEDIO;89
3135499551958202113;2011-02-14;33;;Serviços;YAHOO;GRANDE;35
7176848230239877915;2012-03-11;47;;Comércio;HOTMAIL;MEDIO;89
8198518259946944874;2013-01-31;61;;Serviços;HOTMAIL;MEDIO;70
1156082905751962591;2011-05-16;31;;Serviços;AOL;PEQUENO;31
6633838062940819075;2014-03-19;;;Serviços;GMAIL;GRANDE;98
2179772649873197365;2000-08-15;31;;Serviços;HOTMAIL;MEDIO;31
7686361238195690925;2014-02-02;49;;Serviços;AOL;PEQUENO;89
1977574645216036803;2017-02-05;22;;Indústria;YAHOO;MEDIO;28
4566920105008626302;2016-09-28;18;;Serviços;HOTMAIL;PEQUENO;19
5029701292539093910;2011-10-23;27;;Comércio;YAHOO;GRANDE;29
8843432852270832388;2011-02-14;22;;Comércio;YAHOO;MEDIO;28
5047610560952554261;2007-05-06;;;Comércio;YAHOO;PEQUENO;88
3997247264680905799;2018-06-21;81;;Comércio;YAHOO;MEDIO;55
4342146186255136598;2011-02-14;;;Serviços;YAHOO;PEQUENO;96
7707459425750676368;2007-09-05;85;;Serviços;YAHOO;MEDIO;60
1177363334134147131;2015-02-08;65;X;;YAHOO;GRANDE;78
1423952977138155129;2013-11-07;14;;Indústria;YAHOO;PEQUENO;17
3258345688897172820;2000-08-15;11;;Comércio;HOTMAIL;PEQUENO;90
6368582840625614207;2014-01-13;44;;Serviços;GMAIL;GRANDE;86
6581944844073678685;2011-02-14;48;;Comércio;AOL;GRANDE;88
9108733472015251498;2017-05-28;51;;Comércio;GMAIL;MEDIO;93
4317696664583463091;2018-03-25;65;;Comércio;GMAIL;GRANDE;78
1617695035450525647;2005-05-05;53;;Comércio;GMAIL;GRANDE;96
5358243820364010940;2014-02-02;51;;Serviços;YAHOO;GRANDE;95
6754039979151386401;2001-02-04;77;;Indústria;GMAIL;MEDIO;45
4495170040746508204;2017-07-30;;;Comércio;HOTMAIL;MEDIO;23
8013668117699219722;2011-02-14;27;;Comércio;YAHOO;GRANDE;29
7403979270048469991;2000-08-15;43;;Indústria;OUTLOOK;GRANDE;86
2033394215069562776;2000-08-15;27;;Comércio;HOTMAIL;MEDIO;29
4769364850030443969;2000-08-15;24;;Indústria;HOTMAIL;MEDIO;27
7710364735942975505;2011-02-14;34;;Serviços;;PEQUENO;38
3838562409581494430;2009-10-15;18;;Serviços;YAHOO;PEQUENO;19
1007951122586612702;2011-02-14;33;;Comércio;BOL;PEQUENO;39
943965556104738606;2018-02-19;19;;Comércio;GMAIL;MEDIO;13
8854680481766219396;2000-08-15;81;;Indústria;YAHOO;GRANDE;54
1507697130807703164;2000-08-15;13;;Serviços;HOTMAIL;GRANDE;11
3461222267175472398;2000-08-15;17;;Indústria;GMAIL;MEDIO;15
4527499691197377217;2000-08-15;11;;Comércio;YAHOO;MEDIO;41
2380458252615213706;2017-07-03;11;;Serviços;YAHOO;MEDIO;12
1253437108265925705;2018-05-23;41;;Serviços;GMAIL;PEQUENO;81
8895896724713458749;2005-04-27;43;;Serviços;YAHOO;MEDIO;86
5538710567548269440;2011-02-14;41;;Serviços;GMAIL;PEQUENO;83
8926565682509268383;2017-08-06;62;;Serviços;BOL;MEDIO;74
4284129442855564250;2018-01-30;81;;Serviços;YAHOO;PEQUENO;55
5931905128207886847;2016-11-22;82;;Comércio;HOTMAIL;GRANDE;43
4512887927067894301;2013-11-24;11;;Comércio;GMAIL;;87
3915426102465954493;2011-02-14;14;;Indústria;GMAIL;MEDIO;19
3605652314611460806;2014-02-02;;;Serviços;HOTMAIL;GRANDE;99
369512959135194353;2017-10-08;62;;Serviços;YAHOO;PEQUENO;74
687161638293676970;2002-08-19;11;;Serviços;AOL;GRANDE;22
7535160686416710323;2018-05-23;63;;Serviços;GMAIL;GRANDE;68
7399534253365121062;2003-10-29;;;Comércio;AOL;PEQUENO;90
4993499380140734678;2015-11-24;31;;Serviços;GMAIL;PEQUENO;37
7398738404146260251;2012-08-16;51;;Comércio;YAHOO;MEDIO;94
3970610368027129821;2016-07-04;38;;Comércio;YAHOO;GRANDE;39
4130617254899676131;2000-08-15;28;;Serviços;HOTMAIL;GRANDE;22
4858887739802767402;2004-08-25;(2;;Comércio;YAHOO;;25
8511588642284189303;2018-02-21;61;;Comércio;GMAIL;MEDIO;70
7471183491728700531;2000-08-15;11;;Serviços;GMAIL;PEQUENO;56
7070921952745705273;2018-05-10;;;Serviços;GMAIL;MEDIO;60
7719481195372677540;2011-02-14;16;;Indústria;YAHOO;MEDIO;15
5918810537171565818;2011-02-14;61;;Serviços;YAHOO;MEDIO;73
8252215766413781202;2011-02-14;53;;Comércio;YAHOO;MEDIO;96
8437257970907722008;2000-08-15;00;;Indústria;HOTMAIL;GRANDE;39
1002362614649347438;2015-01-11;62;;Comércio;OUTLOOK;MEDIO;74
1071717046795982412;2018-02-04;41;;Indústria;GMAIL;GRANDE;13
5726884001073147293;2011-01-12;;;Comércio;YAHOO;GRANDE;48
4023893292051953692;2014-01-22;85;;Indústria;GMAIL;MEDIO;61
5974858472822751652;2000-08-15;19;;Indústria;GMAIL;PEQUENO;13
5271966906483787417;2016-06-29;51;;Serviços;YAHOO;GRANDE;13
1696462947583294958;2000-08-15;21;;Serviços;BOL;PEQUENO;21
411246418132008456;2016-12-01;19;;Comércio;OUTLOOK;PEQUENO;13
1708019696828098378;2016-01-21;;;Serviços;HOTMAIL;GRANDE;64
8662805825682258354;2018-08-24;34;;Comércio;YAHOO;GRANDE;38
5528372913947954503;2008-04-17;91;;Serviços;HOTMAIL;PEQUENO;67
8733525963966339207;2012-10-01;75;;Indústria;GMAIL;MEDIO;44
2808145376905474927;2011-02-14;86;;Serviços;YAHOO;;64
6186737197674630993;2011-07-20;88;;Serviços;HOTMAIL;GRANDE;62
6164364689409425900;2014-05-04;54;;Indústria;GMAIL;MEDIO;99
1579681122696922043;2000-08-15;28;;Comércio;HOTMAIL;MEDIO;29
3281617395243454427;2017-01-19;11;;Comércio;YAHOO;GRANDE;27
6457349126437565385;2017-07-23;45;;Serviços;YAHOO;MEDIO;85
6338963608593807081;2014-04-13;;;Serviços;GMAIL;GRANDE;13
4228782541013845761;2015-04-05;11;;Indústria;GMAIL;MEDIO;13
1414132620714431952;2017-05-29;11;;Serviços;GMAIL;GRANDE;69
5091704914816802802;2014-08-17;77;;Comércio;GMAIL;GRANDE;47
1718188804678631487;2015-12-20;28;;Serviços;AOL;PEQUENO;29
1310335287370721834;2015-11-05;65;;Serviços;GMAIL;GRANDE;78
3279417303675586812;2014-09-10;34;X;;HOTMAIL;PEQUENO;79
2762573180349093009;2005-04-12;;;Indústria;GMAIL;MEDIO;75
1334091158016312155;2013-07-14;44;;Serviços;HOTMAIL;GRANDE;87
1997130697107291654;2014-06-11;;;Comércio;HOTMAIL;;68
7462607259426026440;2011-02-14;55;;Comércio;GMAIL;MEDIO;98
8764962131207592182;2015-02-19;;X;;HOTMAIL;MEDIO;78
7009617206603058827;2013-09-16;41;;Serviços;HOTMAIL;GRANDE;78
3571198145319411787;2009-10-15;18;;Comércio;HOTMAIL;MEDIO;19
4224328186225861313;2011-02-14;21;;Comércio;YAHOO;GRANDE;24
2322847438374159400;2016-02-22;15;;Comércio;BOL;PEQUENO;13
710593997981520423;2016-05-04;85;;Comércio;GMAIL;PEQUENO;60
7743291297670529504;2009-07-08;27;;Comércio;GMAIL;PEQUENO;29
5958664040344043635;2014-08-25;49;;Serviços;YAHOO;GRANDE;89
6658545687004133787;2017-10-16;85;;Serviços;GMAIL;MEDIO;60
7776069961364493674;2000-08-15;;;Serviços;GMAIL;GRANDE;58
8239483634534704082;2014-08-14;61;X;;HOTMAIL;GRANDE;73
8194803952487492960;2000-08-15;69;;Comércio;HOTMAIL;MEDIO;78
665854826624598350;2000-08-15;14;;Serviços;GMAIL;MEDIO;19
1477629972594346481;2000-08-15;69;;Comércio;YAHOO;MEDIO;76
3931892303497206092;2011-08-17;69;;Comércio;AOL;GRANDE;76
4355447622071493835;2006-09-20;;;Serviços;GMAIL;GRANDE;23
8895160610329228780;2015-10-28;;;Comércio;YAHOO;GRANDE;21
226405871752897670;2012-08-26;54;;Serviços;HOTMAIL;;99
7189116056401183589;2007-06-17;(1;;Serviços;YAHOO;MEDIO;53
3384356870037163810;2012-01-22;19;;Serviços;AOL;MEDIO;13
407849532812377755;2018-07-04;;;Serviços;YAHOO;MEDIO;57
3738709098002486952;2011-01-30;21;;Serviços;HOTMAIL;GRANDE;22
7076661330300123587;2012-03-11;49;;Serviços;AOL;MEDIO;89
2208316821038817776;2015-12-13;31;;Comércio;HOTMAIL;;36
6360697608774060650;2017-04-10;;;Serviços;HOTMAIL;MEDIO;88
6327126166744640429;2013-06-16;11;;Serviços;YAHOO;MEDIO;48
1396078312562623766;2017-07-23;;;Serviços;HOTMAIL;MEDIO;53
3538481420098344176;2015-12-03;11;;Serviços;GMAIL;GRANDE;71
2973474340148068982;2007-07-25;11;;Indústria;AOL;MEDIO;65
8084468342180142818;2013-06-10;;;Serviços;GMAIL;PEQUENO;80
8090979772607373437;2000-08-15;;;Indústria;OUTLOOK;GRANDE;25
6802042794837915720;2016-03-03;66;;Comércio;GMAIL;MEDIO;75
8510653215962746781;2000-08-15;11;;Serviços;GMAIL;GRANDE;95
7742577779352014568;2011-11-17;92;;Serviços;HOTMAIL;MEDIO;69
351358693430833867;2011-10-02;11;;Serviços;YAHOO;MEDIO;14
5058298901476893676;2014-03-30;54;;Serviços;GMAIL;MEDIO;99
3449916817695565675;2006-04-19;11;;Comércio;YAHOO;MEDIO;13
8967780934636007142;2015-09-20;;;Comércio;HOTMAIL;MEDIO;78
3629889536335411116;2015-08-31;18;;Comércio;GMAIL;MEDIO;19
4863405965754103821;2018-07-31;85;;Serviços;GMAIL;PEQUENO;61
3631603567749349715;2018-01-14;;;Comércio;YAHOO;GRANDE;95
1711114950158155307;2018-01-09;21;;Serviços;GMAIL;GRANDE;21
4442205629227031623;2013-03-17;75;;Comércio;YAHOO;MEDIO;44
1097345589386012260;2018-08-22;;;Comércio;YAHOO;MEDIO;11
3690886209682028027;2018-10-28;;;Serviços;GMAIL;GRANDE;99
2852602164375541688;2018-01-25;54;;Comércio;HOTMAIL;GRANDE;95
4365965554261111250;2018-03-06;11;;Comércio;YAHOO;MEDIO;77
2379038595596744457;2015-12-29;;;Comércio;OUTLOOK;GRANDE;30
744649452655516193;2007-04-18;;;Comércio;GMAIL;MEDIO;71
5517114603826429870;2017-07-11;44;;Indústria;GMAIL;GRANDE;87
1110185420292414796;2016-01-05;99;;Serviços;;GRANDE;65
2233850024349336054;2008-06-09;(1;;Serviços;GMAIL;MEDIO;29
6089029916190588614;2018-09-26;86;;Serviços;GMAIL;GRANDE;64
2218664010734431754;2018-04-17;(8;;Indústria;YAHOO;;58
5758033363847724111;2018-10-25;42;;Indústria;HOTMAIL;MEDIO;84
7974433795310408854;2016-01-19;31;;Serviços;GMAIL;MEDIO;32
460993244124061972;2012-09-30;67;;Comércio;HOTMAIL;GRANDE;79
2598475569074240783;2012-03-11;49;;Comércio;HOTMAIL;GRANDE;88
8536031856585966123;2017-08-06;35;;Comércio;YAHOO;MEDIO;37
2771214050521171719;2018-06-04;11;;Serviços;GMAIL;MEDIO;93
8244965109768845797;2012-07-01;49;;Comércio;GMAIL;MEDIO;89
7913893451349440000;2011-02-15;91;;Indústria;HOTMAIL;MEDIO;68
7646606457278894341;2014-07-29;44;;Indústria;GMAIL;PEQUENO;87
6085815944092871635;2018-06-13;11;;Serviços;YAHOO;GRANDE;75
8107542605807471599;2017-10-05;21;;Serviços;YAHOO;MEDIO;26
7501763663852779083;2009-12-07;11;;Indústria;HOTMAIL;PEQUENO;64
3592461881055047578;2018-06-24;;;Indústria;HOTMAIL;GRANDE;13
7596151387242724588;2018-06-24;38;X;;GMAIL;MEDIO;73
4591193860232697465;2015-10-06;;;Comércio;YAHOO;MEDIO;29
5091815447165974815;2007-01-16;11;;Serviços;AOL;PEQUENO;72
3555655653190753786;2017-08-21;;X;;HOTMAIL;PEQUENO;47
5795100045494475994;2015-09-07;31;;Comércio;HOTMAIL;GRANDE;36
7986658810701126728;2015-05-11;65;;Serviços;HOTMAIL;PEQUENO;78
4195747290630173499;2016-09-28;;X;;GMAIL;PEQUENO;29
5875663709136533612;2018-08-05;44;;Serviços;OUTLOOK;GRANDE;87
4956614249204803652;2017-06-20;82;;Serviços;YAHOO;MEDIO;57
6815351437572393426;2011-02-23;34;;Serviços;;MEDIO;38
8012016968380185372;2016-06-16;;X;;GMAIL;PEQUENO;78
7626832470282570499;2011-02-14;27;;Serviços;HOTMAIL;GRANDE;29
9161263096062288704;2000-08-15;11;;Serviços;YAHOO;MEDIO;98
1119752495905732753;2014-03-11;62;;Indústria;YAHOO;MEDIO;74
3647763328551943822;2011-11-10;11;;Serviços;GMAIL;GRANDE;52
3153106946088212605;2016-11-20;64;X;;OUTLOOK;PEQUENO;78
8991419601067014006;2006-09-14;17;;Comércio;YAHOO;GRANDE;15
6878219806053740921;2018-03-07;49;;Serviços;HOTMAIL;PEQUENO;89
209314261782935157;2015-01-25;37;;Serviços;GMAIL;GRANDE;35
1891145854263312840;2004-06-23;49;;Serviços;GMAIL;PEQUENO;89
2903869860445366876;2018-11-05;;;Comércio;YAHOO;MEDIO;85
1054275403532840653;2008-08-11;17;;Indústria;YAHOO;PEQUENO;15
8500889177765218320;2016-03-03;81;;Indústria;HOTMAIL;MEDIO;54
5735794880899687600;2006-06-06;41;;Comércio;GMAIL;MEDIO;83
18719614953021044;2014-11-16;11;;Comércio;OUTLOOK;GRANDE;47
7405858498198031046;2011-11-07;64;;Indústria;YAHOO;PEQUENO;52
7229721428946324455;2015-05-05;44;;Serviços;YAHOO;GRANDE;87
492136427845699874;2003-10-12;51;;Serviços;YAHOO;;96
6213213514675778388;2017-10-30;33;;Comércio;HOTMAIL;PEQUENO;36
4508520363171713861;2011-02-14;31;;Serviços;OUTLOOK;PEQUENO;30
621182491555347581;2018-11-29;35;;Indústria;GMAIL;PEQUENO;37
8924045760456827557;2002-06-11;31;;Comércio;YAHOO;GRANDE;31
5767156338992526776;2018-05-02;43;;Serviços;HOTMAIL;GRANDE;86
7971169314678400658;2011-02-14;54;;Indústria;AOL;MEDIO;98
5305666299348331173;2016-12-12;42;X;;HOTMAIL;MEDIO;84
5786614417091653950;2018-04-11;84;;Indústria;YAHOO;GRANDE;59
9036329217885149501;2018-09-30;11;;Comércio;OUTLOOK;MEDIO;12
6055129522348042687;2000-08-15;(0;;Serviços;YAHOO;MEDIO;16
8594897944068249710;2018-03-28;62;;Serviços;BOL;MEDIO;74
6796564304742670823;2018-04-02;65;X;;BOL;PEQUENO;78
1463054873047394970;2016-05-10;44;;Serviços;HOTMAIL;GRANDE;87
7468724002190465812;2017-08-06;;;Serviços;YAHOO;PEQUENO;86
5386962298800892593;2018-05-02;43;;Indústria;YAHOO;MEDIO;86
2191990606593345695;2016-02-16;;;Indústria;HOTMAIL;MEDIO;17
1450216906825650643;2018-05-02;43;;Serviços;YAHOO;GRANDE;86
3618862169777063942;2012-03-11;49;;Serviços;AOL;MEDIO;88
2003221759676247813;2012-04-10;47;;Comércio;AOL;PEQUENO;89
8185063234515056194;2011-06-13;11;;Serviços;GMAIL;MEDIO;70
2300515430178950292;2004-01-28;;;Comércio;GMAIL;PEQUENO;29
3075783375726664899;2016-01-21;34;X;;AOL;MEDIO;38
295375823203017296;2015-08-10;11;;Serviços;YAHOO;PEQUENO;11
4626249002057685539;2016-01-26;27;;Comércio;YAHOO;GRANDE;29
1687017009357941608;2007-06-11;92;;;HOTMAIL;GRANDE;69
4537982850248578883;2018-09-19;;;Serviços;GMAIL;MEDIO;36
2549266739079962864;2016-02-03;69;X;;HOTMAIL;MEDIO;76
2687720147676132707;2006-01-01;11;;Comércio;YAHOO;GRANDE;90
6546850858912852316;2018-02-21;91;;Serviços;GMAIL;GRANDE;68
5078307295214858596;2018-12-13;;;Serviços;GMAIL;PEQUENO;46
5198904647759787695;2000-08-15;27;;Indústria;YAHOO;MEDIO;29
1033361676287635885;2013-10-03;11;;Indústria;GMAIL;MEDIO;96
3474419084491017271;2014-03-16;11;;Comércio;BOL;PEQUENO;48
8173830874846355280;2011-02-14;38;;Serviços;GMAIL;GRANDE;39
2556046726800414568;2014-07-31;43;;Serviços;OUTLOOK;GRANDE;86
6594970822995540982;2014-01-19;;;Serviços;YAHOO;MEDIO;77
6056959220685085102;2016-08-01;73;;Serviços;GMAIL;PEQUENO;45
5010695957153856148;2017-10-25;69;;Indústria;YAHOO;GRANDE;76
8106460788895393927;2018-09-20;99;;Serviços;HOTMAIL;GRANDE;77
8487807876567995441;2000-08-15;21;;;YAHOO;MEDIO;26
7719877724419004325;2018-04-29;11;;Indústria;GMAIL;MEDIO;12
3632378524835692731;2017-06-08;11;;Indústria;GMAIL;GRANDE;92
1430896989654626045;2018-12-10;87;;Comércio;HOTMAIL;GRANDE;56
7503582542949284252;2011-02-15;91;;Comércio;HOTMAIL;MEDIO;65
8271604276097280304;2013-05-05;11;;Comércio;BOL;MEDIO;33
86436955037443683;2019-01-03;;;Serviços;GMAIL;PEQUENO;23
5383359512938607117;2017-07-30;64;;Comércio;YAHOO;MEDIO;75
7204322229254419755;2006-11-07;;;Serviços;YAHOO;MEDIO;80
6598561842700412652;2018-12-05;;;Comércio;YAHOO;;12
8911073840712901131;2018-01-08;21;;Comércio;GMAIL;MEDIO;26
1041113202992808157;2014-09-29;;X;;;PEQUENO;78
6535074478489939949;2014-11-17;65;;Indústria;GMAIL;PEQUENO;78
8774171337110190597;2018-04-17;49;;Indústria;GMAIL;MEDIO;89
6574147480097265454;2000-08-15;85;;Serviços;HOTMAIL;MEDIO;61
5287265869592025756;2000-08-15;32;;Comércio;AOL;PEQUENO;36
6367769402148499693;2018-08-30;27;;Indústria;AOL;MEDIO;29
6686011791459443533;2014-06-08;11;;Indústria;GMAIL;GRANDE;11
6669879342590884634;2011-02-14;71;;Serviços;;GRANDE;40
3423512048884192208;2016-12-21;;X;;GMAIL;GRANDE;38
879621668242949113;2016-03-15;69;;Indústria;HOTMAIL;MEDIO;76
8609938720215175911;2010-07-26;;;Indústria;YAHOO;MEDIO;36
2108598473865910131;2013-06-25;16;;Indústria;GMAIL;MEDIO;14
2006188298374001315;2018-07-29;93;;Comércio;YAHOO;GRANDE;68
3447213159487287154;2015-09-13;51;;Indústria;GMAIL;GRANDE;13
2209806355660046187;2015-08-20;74;;Serviços;YAHOO;PEQUENO;44
1462395707491634845;2013-07-29;47;;Comércio;HOTMAIL;MEDIO;88
6632750819478927641;2019-02-18;18;;Indústria;HOTMAIL;GRANDE;16
6535356415509860671;2016-12-27;65;;Comércio;HOTMAIL;GRANDE;78
1179133757491860792;2016-08-16;65;;Serviços;GMAIL;MEDIO;78
5425069937553115144;2012-05-15;67;X;;GMAIL;GRANDE;79
6789516822626221575;2000-08-15;11;;Comércio;AOL;GRANDE;20
4915404990154267899;2013-12-26;11;;Serviços;HOTMAIL;MEDIO;64
1929055606777178697;2015-12-10;62;;Comércio;HOTMAIL;GRANDE;77
3592639146446725280;2000-08-15;65;;Indústria;HOTMAIL;GRANDE;78
3950448152833572077;2019-02-20;;;Comércio;YAHOO;GRANDE;81
5481711897502154955;2018-06-13;21;;Serviços;OUTLOOK;MEDIO;23
6636325081217917184;2013-04-16;47;;Comércio;GMAIL;GRANDE;88
1153069952490761717;2000-08-15;11;;Comércio;HOTMAIL;GRANDE;62
1963239178085807816;2006-10-24;91;;Comércio;GMAIL;GRANDE;65
6693885248277625807;2018-12-23;31;;Comércio;GMAIL;GRANDE;39
4110562609148185966;2000-08-15;42;X;;GMAIL;GRANDE;78
5689766561863956319;2019-02-26;86;;Serviços;YAHOO;MEDIO;64
2278650548373578523;2018-11-07;18;;Indústria;GMAIL;GRANDE;19
7246466789138290692;2011-12-25;63;;Indústria;YAHOO;MEDIO;77
4675067298171588603;2018-07-12;11;;Comércio;HOTMAIL;GRANDE;22
7884973711049495555;2017-08-02;65;;Serviços;GMAIL;GRANDE;78
1152891199251773092;2012-09-23;62;;Comércio;HOTMAIL;;74
7268895973869107930;2019-01-31;62;;Serviços;YAHOO;GRANDE;74
186296161813079768;2000-08-15;17;;Comércio;HOTMAIL;;45
339550163159506478;2018-05-10;51;;Indústria;HOTMAIL;MEDIO;90
8576047157867370630;2012-04-19;24;;Serviços;GMAIL;PEQUENO;26
4235751964155364215;2019-03-13;14;;Indústria;HOTMAIL;GRANDE;71
4741325322140814572;2019-03-21;54;;Indústria;YAHOO;MEDIO;99
5790563179715256679;2016-07-26;91;;Indústria;HOTMAIL;GRANDE;66
6309684992153258710;2018-09-05;33;;Serviços;GMAIL;;36
2573553293518763494;2018-03-13;27;;Indústria;YAHOO;PEQUENO;29
1543875954928694094;2015-05-17;;;Indústria;HOTMAIL;PEQUENO;86
4937566934664053767;2011-09-29;62;;Comércio;YAHOO;MEDIO;74
7105441534376526569;2018-10-25;;;Serviços;YAHOO;PEQUENO;11
8750804459957303037;2000-08-15;81;;Serviços;HOTMAIL;GRANDE;50
5334845483867106835;2018-05-06;71;;Serviços;HOTMAIL;GRANDE;43
2302464746243069589;2011-02-14;28;;Indústria;HOTMAIL;PEQUENO;29
4155987877874087356;2018-11-13;37;;Indústria;GMAIL;MEDIO;35
4508632759077888376;2013-05-05;(1;;Comércio;AOL;MEDIO;34
5327139240004330145;2008-04-14;61;;Serviços;YAHOO;GRANDE;70
8918635099296971351;2019-03-13;11;;Serviços;YAHOO;MEDIO;71
2499050168966442376;2014-09-15;34;X;;HOTMAIL;MEDIO;38
2260816603683347518;2019-03-13;;;Comércio;OUTLOOK;GRANDE;86
4537268360654655629;2019-01-27;44;;Indústria;OUTLOOK;PEQUENO;87
7829456717134984253;2017-06-01;51;;Indústria;AOL;MEDIO;92
1995032058960709559;2019-03-12;66;;Indústria;GMAIL;MEDIO;78
4714187554103729432;2016-06-27;;;Indústria;YAHOO;GRANDE;23
8846153146417722343;2000-08-15;84;;Indústria;GMAIL;MEDIO;59
6242636379248496392;2019-02-26;;;Indústria;GMAIL;MEDIO;99
1378864119919978132;2006-04-23;34;;Indústria;HOTMAIL;PEQUENO;38
3817166896467413658;2019-03-14;27;;Indústria;HOTMAIL;MEDIO;29
4762091269593841283;2014-08-11;85;;Indústria;;PEQUENO;61
7142043104834932013;2017-09-27;88;;Serviços;HOTMAIL;PEQUENO;63
4631736838128525597;2016-04-19;;;Comércio;;;29
8559143756893267192;2006-06-28;21;;Serviços;GMAIL;PEQUENO;25
3970572142453508637;2018-10-03;;;Comércio;HOTMAIL;MEDIO;75
1962421014232423027;2011-02-14;38;;Comércio;YAHOO;MEDIO;39
5306165689101138983;2013-09-05;37;;Serviços;GMAIL;MEDIO;35
8859064595603380512;2000-08-15;04;;Indústria;GMAIL;GRANDE;13
6216982347344525048;2019-04-14;98;;Indústria;GMAIL;PEQUENO;65
2778852475840838977;2019-03-18;;;Comércio;YAHOO;GRANDE;53
4980232475645447238;2017-08-06;47;;Comércio;AOL;PEQUENO;89
2146740087301789516;2003-08-14;16;;Serviços;YAHOO;GRANDE;14
4874157215501489741;2018-08-26;14;;Serviços;OUTLOOK;PEQUENO;17
873223039957991123;2019-06-02;;;Serviços;YAHOO;GRANDE;78
8343941262792249232;2019-05-28;11;;Indústria;HOTMAIL;GRANDE;31
7968118679747232249;2000-08-15;49;;Comércio;HOTMAIL;MEDIO;89
3584082418739794187;2019-03-13;88;;Comércio;HOTMAIL;MEDIO;62
1777508458351542706;2019-05-29;;;Serviços;;GRANDE;14
4562495119288161876;2019-01-31;;;Indústria;HOTMAIL;GRANDE;29
1129657311668961746;2019-01-21;(8;;Indústria;YAHOO;MEDIO;55
2567704620177619489;2017-06-04;34;X;;AOL;MEDIO;38
8989558978299738854;2019-05-14;51;;Indústria;YAHOO;GRANDE;95
4781359035957376194;2017-06-20;77;X;;HOTMAIL;MEDIO;47
3039015096637567364;2017-06-27;;X;;YAHOO;MEDIO;38
6999154286942764669;2017-04-10;;;Serviços;GMAIL;PEQUENO;69
1874387298050692165;2014-03-02;41;;Serviços;YAHOO;GRANDE;83
700955341024573089;2018-04-08;;X;;YAHOO;GRANDE;60
4375157493619487776;2019-06-25;62;;Serviços;BOL;PEQUENO;74
9156666134024889730;2017-08-06;;;Indústria;HOTMAIL;MEDIO;81
6143250120040658989;2018-11-04;46;;Comércio;GMAIL;PEQUENO;85
5200455618694210402;2015-05-10;85;;Comércio;HOTMAIL;PEQUENO;63
2346482557594782345;2016-12-18;65;;Indústria;YAHOO;MEDIO;78
6865071386683133124;2019-03-27;;;Comércio;;GRANDE;47
1348086280988456892;2018-06-14;13;;Serviços;YAHOO;MEDIO;11
6118873739225005756;2019-02-25;74;;Serviços;AOL;PEQUENO;44
2711217152718352107;2008-05-07;11;;Indústria;HOTMAIL;MEDIO;52
3364209707397843685;2019-05-13;;;Comércio;GMAIL;MEDIO;27
7138126049219817285;2019-03-13;77;;Serviços;HOTMAIL;MEDIO;45
6479505064094841194;2019-02-20;;;Comércio;YAHOO;PEQUENO;62
4430825904532764237;2019-02-19;31;;Comércio;AOL;GRANDE;34
2371917341091102894;2019-02-07;73;;Serviços;HOTMAIL;MEDIO;45
5855956854975734380;2018-06-26;21;;Comércio;OUTLOOK;GRANDE;28
7836964432867832146;2018-07-04;84;;Serviços;YAHOO;PEQUENO;59
4104959289203999917;2012-03-11;47;;Comércio;HOTMAIL;GRANDE;89
2797247267096799785;2017-07-06;19;;Serviços;OUTLOOK;GRANDE;13
3731278848600349375;2014-02-25;85;;Comércio;GMAIL;MEDIO;62
8745827224909388475;2019-03-12;37;;Serviços;AOL;PEQUENO;35
1141681690629134039;2011-12-07;;;Serviços;HOTMAIL;GRANDE;13
6411753448421231450;2016-06-23;;;Comércio;OUTLOOK;MEDIO;64
2493688222671282470;2019-02-18;51;;Comércio;YAHOO;;80
4090195792518021727;2018-08-26;81;;Indústria;;GRANDE;55
8374461419511631785;2011-02-14;91;;Comércio;GMAIL;GRANDE;68
6662531979151878793;2017-01-11;35;;Comércio;GMAIL;GRANDE;37
5883155883105348987;2011-02-14;11;;Comércio;GMAIL;PEQUENO;42
8552039412779393821;2019-08-01;;;Indústria;GMAIL;PEQUENO;32
424669430335898076;2015-12-02;;;Comércio;GMAIL;PEQUENO;68
2307201111381758912;2013-06-17;14;;Serviços;GMAIL;MEDIO;17
3263212305228307743;2017-08-06;15;;Serviços;GMAIL;MEDIO;18
843896882208504179;2019-05-16;(1;X;;YAHOO;GRANDE;13
8047821974672655407;2019-03-28;;;Serviços;HOTMAIL;GRANDE;93
4210463673385510745;2015-05-28;77;;Serviços;HOTMAIL;MEDIO;47
69766362497027920;2009-09-21;92;;Serviços;HOTMAIL;MEDIO;69
4078490786243765404;2010-03-29;19;;Comércio;GMAIL;GRANDE;13
8004409125524742779;2011-02-14;54;;Serviços;YAHOO;PEQUENO;99
8748106677402909629;2011-08-23;69;;Comércio;YAHOO;PEQUENO;76
2859982583195166819;2019-07-09;35;;Indústria;HOTMAIL;MEDIO;37
8609211777002937758;2019-05-27;11;;Comércio;YAHOO;GRANDE;98
6547872039250784411;2019-09-02;11;;Comércio;YAHOO;GRANDE;71
6832005298160297810;2014-06-08;11;;Serviços;HOTMAIL;PEQUENO;79
3333870869270823799;2019-08-11;19;;Comércio;YAHOO;MEDIO;13
2035700727032031976;2019-07-01;11;;Comércio;YAHOO;;49
1043585102535564595;2019-02-10;19;;Serviços;YAHOO;GRANDE;13
608816700571896717;2019-03-31;;;Comércio;YAHOO;MEDIO;65
1875708128527882196;2019-03-12;54;;Comércio;YAHOO;PEQUENO;95
1082658943827891572;2019-06-09;;;Comércio;HOTMAIL;MEDIO;29
4723919748432185874;2014-03-02;;;Serviços;YAHOO;MEDIO;85
7061868716439556791;2017-04-10;;;Serviços;GMAIL;MEDIO;27
1864367736036633256;2019-06-30;;;Serviços;GMAIL;MEDIO;88
6373947691253940364;2019-05-08;11;;Serviços;GMAIL;MEDIO;13
3140918607946425426;2016-05-18;11;;Comércio;YAHOO;MEDIO;43
3685376304786338340;2008-05-04;49;;Comércio;GMAIL;GRANDE;89
6914631631926429447;2019-08-27;14;;Indústria;HOTMAIL;MEDIO;17
3511416927745338332;2018-09-05;42;;Serviços;YAHOO;MEDIO;87
4862285428951244424;2014-03-19;42;;Comércio;HOTMAIL;MEDIO;84
8512418270673092441;2019-08-28;;;Comércio;AOL;MEDIO;73
7889351655716537527;2017-01-11;35;;Indústria;OUTLOOK;MEDIO;37
1273229638516517354;2017-05-18;85;;Indústria;HOTMAIL;MEDIO;60
6871485876456523363;2019-03-12;35;;Serviços;HOTMAIL;MEDIO;35
988707525807573448;2019-10-03;47;;Indústria;BOL;MEDIO;89
3906045000005838812;2014-06-25;65;X;;YAHOO;MEDIO;78
8090492548102964782;2019-10-22;11;;Serviços;GMAIL;GRANDE;13
3543162424793477785;2000-08-15;19;;Serviços;YAHOO;GRANDE;13
5043004928991692540;2019-10-24;19;;Comércio;HOTMAIL;MEDIO;13
8536980239903840341;2019-09-29;99;;Comércio;YAHOO;GRANDE;68
4997308257850209705;2019-08-29;43;;Indústria;HOTMAIL;GRANDE;86
3772710147663076183;2019-09-09;;;Comércio;GMAIL;MEDIO;20
4982042089827666585;2000-08-15;11;;Serviços;YAHOO;GRANDE;78
1732933177229870014;2019-03-27;11;;Indústria;OUTLOOK;;69
5304403477328695520;2019-10-20;;;Serviços;YAHOO;MEDIO;65
493565965354066585;2016-05-17;;;Comércio;HOTMAIL;GRANDE;78
2978852236996041848;2019-09-25;35;;Serviços;OUTLOOK;MEDIO;37
7524505197759784814;2019-03-12;11;;Serviços;YAHOO;GRANDE;64
1589465774841117651;2012-04-10;21;;Serviços;YAHOO;MEDIO;24
521351744568531135;2019-09-30;35;;Comércio;YAHOO;MEDIO;37
3296374419863077251;2017-03-08;11;;Serviços;HOTMAIL;GRANDE;56
985215297182099989;2003-05-06;45;;Indústria;GMAIL;GRANDE;85
1922661714134822818;2019-07-17;;;Comércio;YAHOO;PEQUENO;78
1849408830951333776;2019-11-24;(4;;Comércio;HOTMAIL;GRANDE;85
924957821424248698;2019-09-15;37;;Serviços;GMAIL;GRANDE;35
3820213618605354326;2019-10-14;31;;Indústria;GMAIL;GRANDE;34
2673576168790933175;2019-03-31;85;;Comércio;HOTMAIL;MEDIO;62
5694881483989656694;2000-08-15;69;;Serviços;YAHOO;MEDIO;76
3888528635045328222;2019-09-09;62;;Serviços;HOTMAIL;MEDIO;13
2813869270515910849;2017-07-09;32;;Comércio;HOTMAIL;MEDIO;36
8097962811568170308;2000-08-15;81;;Serviços;HOTMAIL;GRANDE;51
5101193702106031363;2014-11-05;(1;;Indústria;GMAIL;GRANDE;14
472772897496154354;2007-09-19;45;;Comércio;GMAIL;GRANDE;85
3903290047715748290;2019-10-07;;;Indústria;HOTMAIL;PEQUENO;na
8986916198713650374;2016-06-05;;;Serviços;GMAIL;MEDIO;64
3682570285558758138;2018-03-21;94;;Serviços;GMAIL;GRANDE;68
550640993893626857;2019-10-06;;;Comércio;GMAIL;MEDIO;49
494641254909702757;2017-10-23;65;;Serviços;GMAIL;MEDIO;78
2529163714741999839;2015-10-05;11;;Indústria;AOL;PEQUENO;64
189650789135045122;2016-02-02;44;X;;HOTMAIL;GRANDE;87
6704528044328834201;2014-11-05;(1;;Indústria;BOL;MEDIO;14
4487571742607713385;2014-01-08;16;;Comércio;GMAIL;GRANDE;14
334065431792475495;2000-08-15;55;;Serviços;HOTMAIL;GRANDE;98
7200509200540839533;2019-08-27;32;;Indústria;GMAIL;PEQUENO;36
2455496390444272119;2018-06-06;34;X;;OUTLOOK;GRANDE;39
5373371196946859811;2015-11-10;35;;Serviços;HOTMAIL;GRANDE;37
255928150711119413;2006-05-03;49;;Comércio;YAHOO;GRANDE;89
2973518107081249661;2018-04-04;64;;Indústria;GMAIL;MEDIO;75
7020910424509248025;2019-04-25;54;X;;HOTMAIL;GRANDE;97
6693181132429641622;2019-12-12;;X;;HOTMAIL;MEDIO;76
7067471043900250355;2019-09-02;;;Serviços;BOL;GRANDE;13
1071127366397407520;2020-01-07;;;Indústria;GMAIL;MEDIO;98
2983174282784691273;2019-12-25;62;;Indústria;GMAIL;GRANDE;75
7640249903888628103;2004-03-04;91;;Indústria;GMAIL;MEDIO;68
8376902089871279815;2000-08-15;15;;Serviços;YAHOO;MEDIO;18
6721448955097663572;2020-01-12;82;;Serviços;GMAIL;PEQUENO;57
6471448246085839373;2019-11-24;47;;Comércio;YAHOO;GRANDE;89
4395421876733405196;2020-01-16;43;;Serviços;HOTMAIL;GRANDE;86
866011924076225884;2016-06-06;91;;Serviços;GMAIL;MEDIO;66
1692423451726508456;2019-12-02;67;;Serviços;BOL;GRANDE;79
5901769182336230217;2016-05-11;66;X;;GMAIL;MEDIO;78
113538242419211987;2019-06-20;44;;Comércio;HOTMAIL;MEDIO;87
3540559576342636557;2020-02-12;;;Indústria;YAHOO;PEQUENO;21
4850936440093751199;2014-02-09;22;;Indústria;GMAIL;GRANDE;28
5055200744384119654;2019-11-12;12;;Serviços;YAHOO;PEQUENO;12
4649044785270813165;2019-03-14;71;;;HOTMAIL;MEDIO;41
8162017568751362437;2019-09-20;;;Indústria;YAHOO;MEDIO;65
8873204832986811115;2016-04-27;49;;Serviços;;MEDIO;89
1611146298923153842;2020-01-16;93;;Comércio;YAHOO;MEDIO;68
43266641219008038;2020-02-17;;;Serviços;GMAIL;GRANDE;36
8163895533020293251;2019-12-25;41;;Serviços;GMAIL;MEDIO;80
3725587489732036460;2019-04-24;31;X;;GMAIL;MEDIO;31
8919892162361650175;2011-02-14;61;;Serviços;AOL;GRANDE;70
5114577082647278423;2000-08-15;81;;Comércio;GMAIL;MEDIO;55
2459664758252154072;2018-01-25;61;;Comércio;HOTMAIL;PEQUENO;37
5995766367666411083;2020-03-24;;X;;GMAIL;MEDIO;78
4888650984285190697;2020-03-30;;;Comércio;;MEDIO;14
4351694415353093046;2020-03-30;;;Comércio;GMAIL;GRANDE;33
8099657915545873036;2012-04-10;32;;Comércio;GMAIL;MEDIO;22
209477776078372134;2020-03-24;;;Serviços;AOL;GRANDE;86
8464809590757561185;2012-04-02;14;;Serviços;AOL;MEDIO;17
705648002974742140;2020-01-26;67;;Indústria;YAHOO;MEDIO;79
3109771318936962520;2020-03-02;;;Indústria;GMAIL;MEDIO;65
3697819710996931657;2011-12-07;41;;Comércio;YAHOO;MEDIO;83
2333404192508932057;2016-02-15;67;;Indústria;GMAIL;GRANDE;79
525652670391923872;2018-08-08;(5;;Indústria;GMAIL;GRANDE;91
8174633018998080168;2019-11-03;77;;Serviços;HOTMAIL;PEQUENO;47
7911162482760986289;2020-02-17;11;;Comércio;HOTMAIL;GRANDE;18
1738460583932152602;2020-02-06;41;X;;YAHOO;MEDIO;81
5282563463193783344;2019-10-29;;X;;OUTLOOK;GRANDE;77
6394935036014530592;2020-03-03;31;;Comércio;;GRANDE;34
6885171468891031140;2011-02-14;18;;Comércio;YAHOO;MEDIO;19
7060969657673447359;2016-05-04;41;;Comércio;OUTLOOK;MEDIO;80
3536704882799524586;2020-04-28;00;;Indústria;GMAIL;;89
4170463992215954403;2020-01-26;41;;Serviços;HOTMAIL;MEDIO;81
8619312279454356821;2014-05-18;16;;Indústria;GMAIL;GRANDE;39
5714540197488862003;2019-08-19;;;Indústria;HOTMAIL;MEDIO;45
6810366761249506182;2016-12-28;74;;Serviços;YAHOO;GRANDE;46
2005542793747273676;2017-02-01;62;;Serviços;YAHOO;GRANDE;68
956217406816925982;2013-05-09;45;;Serviços;AOL;MEDIO;85
8012945665375811304;2009-05-05;62;;Indústria;GMAIL;GRANDE;74
2839700004795467658;2018-10-01;;X;;YAHOO;MEDIO;73
5162636608292907782;2014-04-07;34;;Comércio;GMAIL;GRANDE;38
1467843186411742274;2019-12-26;;;Serviços;GMAIL;MEDIO;72
1825022747815271956;2016-04-27;21;;Indústria;HOTMAIL;GRANDE;27
3365334263589180925;2019-01-03;66;X;;GMAIL;PEQUENO;78
3492978633103560560;2011-07-28;47;;Indústria;HOTMAIL;MEDIO;88
9101617110967101591;2020-01-02;35;;Indústria;GMAIL;GRANDE;37
2929243640075785940;2020-04-02;;;Comércio;GMAIL;GRANDE;63
8907133353015280586;2020-01-19;27;;Comércio;OUTLOOK;GRANDE;29
3536431875244944563;2020-05-10;;;;GMAIL;GRANDE;96
5304536516981778801;2020-02-04;92;;Indústria;;MEDIO;69
5315267409112598781;2020-06-08;;X;;GMAIL;GRANDE;81
4541506527938763361;2019-06-25;51;;Serviços;YAHOO;MEDIO;95
5651190097741301133;2007-05-21;66;;Serviços;YAHOO;PEQUENO;78
326257359176916767;2019-09-02;83;;Indústria;HOTMAIL;MEDIO;58
7790849460101092738;2017-10-30;44;;Comércio;GMAIL;MEDIO;87
8646086919778610813;2020-03-24;61;;Serviços;YAHOO;MEDIO;70
5036870533568879731;2020-06-23;(6;;Indústria;HOTMAIL;MEDIO;78
5951322986271477998;2020-05-07;;;Serviços;OUTLOOK;MEDIO;37
8464769152264029983;2017-07-19;65;X;;YAHOO;GRANDE;78
4187591029730357479;2020-06-18;;;Indústria;GMAIL;PEQUENO;78
2166129906801669318;2016-07-20;;;Indústria;YAHOO;MEDIO;72
901119221367843192;2020-05-27;(4;;Indústria;AOL;GRANDE;85
1574054842704135993;2020-05-13;12;;Comércio;GMAIL;PEQUENO;12
7712263029835111826;2006-08-08;77;;Serviços;YAHOO;MEDIO;47
6448234172949059931;2020-07-07;;X;;BOL;GRANDE;34
8049805689946244047;2017-08-06;;;Serviços;YAHOO;MEDIO;66
7708030042671632236;2019-03-06;;;Comércio;HOTMAIL;;22
1093053069479288753;2019-06-17;;;Indústria;GMAIL;PEQUENO;68
7692335720341018458;2020-06-22;11;;Indústria;YAHOO;MEDIO;13
8060154314331993193;2019-10-15;;;Indústria;HOTMAIL;PEQUENO;13
4641659186059167709;2017-08-06;62;;Serviços;GMAIL;GRANDE;38
6081226091774593903;2018-12-03;;;Serviços;GMAIL;GRANDE;65
4604807967654337091;2017-08-06;51;;Comércio;GMAIL;PEQUENO;95
1801648099512442340;2019-11-06;;;Serviços;HOTMAIL;;32
6765961450216188291;2019-11-20;41;;Serviços;HOTMAIL;PEQUENO;83
2444743522510084109;2018-11-26;;;Comércio;HOTMAIL;GRANDE;73
7038761645302069945;2020-07-21;55;;Comércio;YAHOO;MEDIO;48
7529137091657891207;2019-12-08;;;Comércio;YAHOO;GRANDE;38
2988042199057874759;2020-07-13;35;;Serviços;HOTMAIL;MEDIO;37
4165983075385227812;2020-06-28;32;;Comércio;YAHOO;MEDIO;36
3408536439470975134;2006-07-10;54;;Indústria;AOL;PEQUENO;95
1156053485989336481;2011-02-14;31;;Comércio;GMAIL;PEQUENO;30
2446803760137518909;2019-10-30;;;Serviços;GMAIL;MEDIO;68
8385636129786687263;2000-08-15;33;;Comércio;YAHOO;MEDIO;98
1329553496073467331;2020-06-29;41;;Indústria;YAHOO;GRANDE;83
1594877745775952421;2020-02-05;;;Comércio;GMAIL;PEQUENO;78
8706851346184249504;2000-08-15;33;;Serviços;HOTMAIL;GRANDE;36
4137237863152538907;2020-08-06;;;Indústria;YAHOO;;14
8603678028264007695;2019-03-20;11;;Serviços;YAHOO;MEDIO;42
8463871205935856285;2020-05-04;;;Serviços;HOTMAIL;GRANDE;99
7999843484680834128;2020-08-09;;;Serviços;YAHOO;MEDIO;56
287529573188507001;2019-05-01;48;;Serviços;GMAIL;MEDIO;88
5401282050253009067;2018-04-16;;;Serviços;GMAIL;MEDIO;61
3357976326879346012;2020-06-04;;;Indústria;YAHOO;PEQUENO;68
1931676870336388249;2015-10-05;;X;;YAHOO;GRANDE;47
3387580208304842365;2020-06-02;;;Serviços;AOL;GRANDE;13
89342157110910412;2019-07-28;;;;AOL;GRANDE;25
1757249986361236700;2012-09-27;14;;Indústria;GMAIL;MEDIO;17
864510931144626280;2004-08-23;;;Serviços;AOL;MEDIO;57
1678680306005074426;2020-06-30;28;;Serviços;HOTMAIL;MEDIO;29
9142266044170177362;2020-08-06;11;;Serviços;HOTMAIL;MEDIO;27
191536915328669008;2020-07-12;47;;Serviços;HOTMAIL;MEDIO;89
1432499644543625478;2019-12-11;54;X;;GMAIL;GRANDE;99
4495596792165551705;2020-06-18;;;Comércio;GMAIL;GRANDE;18
1410427447068048908;2020-01-16;14;;Comércio;HOTMAIL;GRANDE;17
165658847908185334;2020-01-21;;;Comércio;GMAIL;PEQUENO;17
1735718258017802778;2010-05-03;;;Serviços;OUTLOOK;PEQUENO;13
5757271354816214865;2020-07-20;47;;Comércio;GMAIL;MEDIO;88
5139850575056151339;2012-10-31;66;X;;HOTMAIL;GRANDE;78
353597552829913556;2020-03-02;47;;Indústria;YAHOO;GRANDE;88
789708718782735131;2020-03-09;55;;Comércio;YAHOO;GRANDE;98
1674864668198542837;2020-07-26;41;;Indústria;HOTMAIL;MEDIO;81
7215053254854713098;2018-08-21;;;Comércio;GMAIL;GRANDE;63
5558533999208199371;2020-04-05;;;Comércio;HOTMAIL;MEDIO;45
4660230701075746534;2020-06-29;41;;Comércio;GMAIL;GRANDE;80
8004521604421988528;2011-02-15;31;;Comércio;;GRANDE;35
340285351737204923;2018-10-21;19;;Indústria;HOTMAIL;MEDIO;13
4950871361132426979;2019-10-22;;X;;HOTMAIL;PEQUENO;38
8612109591546880230;2020-09-20;55;;Comércio;HOTMAIL;MEDIO;98
1675463974205444838;2020-02-06;;;Comércio;YAHOO;PEQUENO;15
201407186688861102;2011-02-14;19;;Indústria;HOTMAIL;PEQUENO;13
2772135008486239291;2017-01-04;22;;Comércio;BOL;MEDIO;27
4018182555897034052;2017-12-27;11;;Serviços;YAHOO;PEQUENO;18
603842189887755265;2000-08-15;19;X;;YAHOO;GRANDE;13
7269781193318890653;2000-08-15;34;;Comércio;YAHOO;MEDIO;38
3258407002716263546;2017-09-07;61;;Serviços;GMAIL;MEDIO;65
8418046305741705080;2019-10-28;;;Serviços;HOTMAIL;PEQUENO;64
6805207507093657474;2015-09-27;66;;Serviços;YAHOO;GRANDE;78
2106875407768047316;2018-04-15;;;Comércio;YAHOO;GRANDE;19
8407417316873478459;2020-10-04;47;;Serviços;YAHOO;PEQUENO;89
5672989126457116995;2016-07-25;17;X;;GMAIL;PEQUENO;78
622073912578471754;2019-11-26;;;Serviços;YAHOO;PEQUENO;68
6682793026934039107;2020-06-14;19;;Comércio;;PEQUENO;13
1827463638348028912;2017-08-06;;;Indústria;GMAIL;MEDIO;30
8994944800097997361;2018-11-25;17;;Comércio;BOL;GRANDE;15
1717812527056208209;2002-07-01;07;;Serviços;GMAIL;PEQUENO;42
2539677337815091585;2020-08-30;;X;;YAHOO;PEQUENO;78
9175443729335908760;2019-03-14;47;;Indústria;;MEDIO;88
7508699125755580600;2020-08-20;;;Comércio;GMAIL;GRANDE;54
7458891296671174680;2008-06-16;67;;Comércio;GMAIL;GRANDE;79
2041629715337841430;2020-09-21;;;Comércio;GMAIL;PEQUENO;98
6875331984251208712;2014-06-29;55;X;;YAHOO;PEQUENO;98
4704892067681576893;2019-11-28;44;;Indústria;YAHOO;MEDIO;87
922040072471333951;2014-10-07;77;X;;OUTLOOK;PEQUENO;47
7653720501687957310;2014-10-16;21;;Comércio;GMAIL;MEDIO;25
9089047150245738873;2019-09-18;85;;Indústria;HOTMAIL;MEDIO;61
6724017568171288443;2017-08-06;;;Indústria;GMAIL;;36
3822753345985951756;2020-11-02;51;;Comércio;YAHOO;PEQUENO;90
4900073965147412482;2011-02-14;83;;Comércio;OUTLOOK;GRANDE;58
6080407793834027692;2019-12-15;62;;Indústria;YAHOO;GRANDE;75
1106971614386004604;2019-01-14;17;;Serviços;GMAIL;MEDIO;15
1207306324957395736;2020-10-18;;;Indústria;GMAIL;;25
2599553738202677545;2020-01-27;;;Serviços;GMAIL;GRANDE;13
5429414161455643517;2019-10-02;51;;Serviços;YAHOO;MEDIO;93
3361278050140871809;2018-11-04;;;Comércio;OUTLOOK;MEDIO;57
7944852965555666513;2014-02-04;63;;Indústria;YAHOO;PEQUENO;68
1767360303789815418;2017-08-06;;;Serviços;OUTLOOK;MEDIO;29
6053752047545474051;2019-03-19;11;;Indústria;YAHOO;MEDIO;47
280557491372818982;2015-04-15;17;;Serviços;YAHOO;PEQUENO;15
4762256864594914240;2020-07-20;41;;Comércio;GMAIL;MEDIO;83
8564920972266217847;2000-08-15;(4;;Indústria;YAHOO;GRANDE;87
7566385399893520673;2020-11-05;19;;Indústria;YAHOO;PEQUENO;72
3132055906825373580;2020-11-18;(4;;Serviços;HOTMAIL;PEQUENO;13
4068666180981979477;2012-08-28;41;;Indústria;YAHOO;GRANDE;79
1269153452773908541;2020-11-02;41;;Comércio;GMAIL;GRANDE;85
3450495264591833682;2020-03-24;;X;;HOTMAIL;PEQUENO;78
486388963980110890;2020-09-15;;;Comércio;GMAIL;;88
5220554216423337036;2014-03-11;66;;Comércio;HOTMAIL;GRANDE;78
3288665551292018275;2020-09-30;;;Indústria;GMAIL;PEQUENO;41
3520073096970711499;2020-12-29;(1;;Serviços;YAHOO;GRANDE;47
6715993871935527857;2004-05-04;55;;Comércio;HOTMAIL;;97
5078284853636449041;2020-12-03;31;;Comércio;YAHOO;GRANDE;32
15070048310374146;2019-09-03;;;Indústria;GMAIL;MEDIO;76
5993832136957065909;2020-01-22;;;Indústria;GMAIL;PEQUENO;14
466076526172225947;2020-01-12;(1;X;;YAHOO;PEQUENO;29
2870813069335519467;2017-04-27;75;;Comércio;GMAIL;PEQUENO;48
4296149971687628223;2019-01-20;;;Indústria;BOL;PEQUENO;88
5430917218683822543;2020-12-14;(9;;Comércio;GMAIL;PEQUENO;69
271068078606473697;2000-08-15;(2;;Serviços;BOL;PEQUENO;25
8652067663586525909;2020-12-03;(1;;Serviços;YAHOO;PEQUENO;30
2423803834856770113;2019-10-24;;;Serviços;YAHOO;GRANDE;38
6462952350255736003;2021-01-18;31;;Comércio;YAHOO;MEDIO;37
8046603633355514834;2015-09-02;16;;Serviços;YAHOO;MEDIO;15
3415156360538677905;2020-10-28;;;Comércio;;PEQUENO;13
5477523784812182605;2021-01-24;19;;Indústria;HOTMAIL;PEQUENO;61
4392369075438855735;2021-01-12;(1;;Serviços;AOL;PEQUENO;68
6842075380768862290;2018-01-16;35;;Comércio;GMAIL;MEDIO;36
7171835894416689226;2016-08-01;;X;;HOTMAIL;PEQUENO;73
7975582265869884517;2019-12-08;41;;Indústria;GMAIL;GRANDE;83
6795171082935774137;2021-01-18;(5;;Serviços;GMAIL;MEDIO;96
5499433941404698208;2014-07-20;49;;Serviços;GMAIL;MEDIO;89
6421017287702264778;2019-10-29;16;;;HOTMAIL;GRANDE;13
6528158819463595826;2020-10-05;47;;Serviços;YAHOO;MEDIO;89
3750579377644235511;2020-11-17;;;Indústria;YAHOO;GRANDE;45
1378560407772037118;2021-01-24;47;;Serviços;HOTMAIL;GRANDE;89
1059336566956767188;2017-08-06;;;Comércio;YAHOO;MEDIO;14
1788369195969129749;2017-08-06;16;;Serviços;HOTMAIL;MEDIO;14
5555695998591488407;2021-02-03;(1;;Serviços;HOTMAIL;MEDIO;69
7012619440863200776;2020-09-10;;;Indústria;YAHOO;MEDIO;90
2059309318145911751;2020-08-03;35;;Comércio;GMAIL;MEDIO;37
8182741324402757500;2020-08-03;35;;Comércio;YAHOO;GRANDE;37
531805620371082364;2013-12-03;88;;Serviços;GMAIL;PEQUENO;62
6352592240901579272;2019-10-29;16;;Comércio;GMAIL;GRANDE;13
1516155138233618514;2021-01-19;(1;;Comércio;HOTMAIL;PEQUENO;43
1219954496802643881;2009-12-28;49;;Serviços;GMAIL;GRANDE;89
1601160766132778339;2020-07-09;;X;;HOTMAIL;GRANDE;78
3283662016127058429;2020-11-19;(3;;Indústria;HOTMAIL;MEDIO;37
2648719990986789645;2015-11-11;66;X;;HOTMAIL;;78
7243481239733221490;2021-02-22;54;;Comércio;HOTMAIL;GRANDE;99
6342056159430364821;2021-01-24;54;;Comércio;YAHOO;GRANDE;89
7327315935390503674;2004-10-27;;;Comércio;GMAIL;MEDIO;45
8680213253228719510;2020-06-23;;;Comércio;OUTLOOK;GRANDE;13
8067924767167570288;2020-09-02;;;Serviços;HOTMAIL;PEQUENO;68
5883897347879529463;2012-03-11;47;;Serviços;HOTMAIL;GRANDE;88
4717717003637613480;2020-03-29;;;Serviços;YAHOO;GRANDE;54
6145308913889808258;2020-06-18;43;;Indústria;GMAIL;GRANDE;86
2308217045093677129;2020-09-02;71;;Serviços;OUTLOOK;GRANDE;45
6804531608440296645;2020-12-01;(1;;Comércio;HOTMAIL;MEDIO;41
4781265535199914934;2021-02-14;(8;;Indústria;YAHOO;GRANDE;62
3391123212703223634;2018-03-07;41;;;HOTMAIL;MEDIO;80
8566162039485478772;2018-12-03;(6;X;;HOTMAIL;PEQUENO;78
7754936094607992857;2019-07-07;;;Serviços;YAHOO;PEQUENO;64
196947474368876692;2020-10-20;;X;;HOTMAIL;MEDIO;38
7875766506153682421;2020-12-06;(5;;Serviços;GMAIL;GRANDE;97
2907396925798983079;2011-02-14;51;;Comércio;HOTMAIL;GRANDE;93
7815839878620843192;2021-01-17;(1;;Serviços;HOTMAIL;GRANDE;26
3960251564708868781;2020-02-27;;;Serviços;HOTMAIL;GRANDE;19
2044529419038430248;2017-09-14;62;;Serviços;GMAIL;MEDIO;75
6055278873962623670;2021-02-03;(1;;Serviços;HOTMAIL;PEQUENO;32
2367878957559232582;2020-07-01;;;Comércio;GMAIL;GRANDE;78
7221446976321358973;2021-03-29;35;;Serviços;BOL;GRANDE;33
3427563561570116931;2017-08-06;(1;;Comércio;;MEDIO;17
7828430488099134389;2020-08-30;11;;Indústria;GMAIL;MEDIO;13
7397206777205091443;2021-01-24;(8;;Serviços;OUTLOOK;GRANDE;53
3812760626052898456;2021-02-09;(9;;Serviços;GMAIL;MEDIO;69
3516294920850464913;2002-06-16;21;;Comércio;YAHOO;GRANDE;22
9099218788416728596;2021-04-12;(1;;Indústria;GMAIL;MEDIO;50
2780030912070252968;2021-01-21;31;;Comércio;;MEDIO;37
2149247704125573398;2021-03-18;(1;;Serviços;YAHOO;MEDIO;68
8449503736717242889;2021-02-17;(1;X;;YAHOO;GRANDE;40
4437531414216775863;2019-06-06;84;;Comércio;HOTMAIL;MEDIO;59
2977124904032689291;2020-12-14;(1;;Serviços;YAHOO;GRANDE;13
1044946691507317745;2020-08-05;19;;Serviços;GMAIL;GRANDE;13
7236776406341522879;2020-12-14;(4;;Indústria;HOTMAIL;GRANDE;84
3338087778895249031;2020-02-04;41;;Serviços;YAHOO;PEQUENO;80
8222831719332844924;2021-04-13;(1;;Serviços;YAHOO;;18
1945147145527703963;2021-03-21;(1;;Serviços;YAHOO;GRANDE;95
1712483726555581515;2000-08-15;22;;Comércio;YAHOO;MEDIO;28
4432551314797496562;2021-05-13;(1;;Serviços;GMAIL;MEDIO;87
3421433989501830226;2021-04-22;(8;;Serviços;YAHOO;PEQUENO;59
904857901361577913;2015-04-01;65;;Serviços;YAHOO;MEDIO;78
1028630885537616736;2017-08-09;28;;Indústria;YAHOO;PEQUENO;29
1399527202590905286;2004-09-23;;;Indústria;YAHOO;MEDIO;59
6722781660631652440;2020-07-21;75;;Comércio;YAHOO;PEQUENO;44
5162621729453966204;2021-04-05;(1;;Indústria;YAHOO;GRANDE;88
378019466331075421;2021-02-04;;;Serviços;YAHOO;PEQUENO;64
4828882959520364399;2021-02-04;;;Indústria;GMAIL;GRANDE;19
7347753999527316260;2000-08-15;;X;;HOTMAIL;MEDIO;14
2377020220794016532;2011-02-14;19;;Serviços;GMAIL;PEQUENO;13
1557917925035542527;2021-04-29;(1;;Comércio;YAHOO;PEQUENO;77
2225507872831546107;2019-06-02;84;;Serviços;HOTMAIL;MEDIO;59
345033315379741874;2016-01-26;;;Comércio;AOL;GRANDE;12
6597470754117210299;2020-11-10;62;;Comércio;GMAIL;GRANDE;74
5607900901204647807;2021-05-18;(1;;Serviços;YAHOO;MEDIO;13
2726314736140152277;2021-03-28;(4;X;;HOTMAIL;MEDIO;18
8503883917639127781;2009-01-29;19;;Comércio;YAHOO;PEQUENO;13
6965502620385519361;2021-05-10;64;;Indústria;GMAIL;MEDIO;75
4141546595629663073;2021-06-08;(1;;Serviços;YAHOO;MEDIO;22
819552547620904652;2021-03-07;19;;Indústria;AOL;PEQUENO;35
7692330898726665144;2021-06-01;(6;;Comércio;HOTMAIL;PEQUENO;73
7206599058451025691;2020-01-07;;;Comércio;YAHOO;PEQUENO;79
1420529738304793615;2020-10-28;;;Indústria;GMAIL;PEQUENO;77
6061850657256270336;2021-05-16;(1;;Serviços;GMAIL;PEQUENO;20
5220206408301580591;2021-04-08;19;;Indústria;GMAIL;GRANDE;25
8736788139020105764;2021-02-04;;;Serviços;HOTMAIL;MEDIO;13
3148228961195376491;2015-12-13;;;Comércio;BOL;MEDIO;36
2439954154030259398;2019-07-02;;;Indústria;BOL;PEQUENO;13
4799794458216343260;2019-12-30;19;;Indústria;OUTLOOK;MEDIO;20
1246864346193559124;2021-05-06;(4;;Indústria;YAHOO;;83
4853303856126909724;2021-05-24;(1;;Indústria;YAHOO;MEDIO;99
2694466161223698243;2021-06-23;(8;;Comércio;YAHOO;PEQUENO;54
4166581859919473627;2017-08-06;;;Comércio;HOTMAIL;MEDIO;30
4235078665660987689;2017-09-14;11;;Serviços;GMAIL;GRANDE;66
7628167057144760589;2021-05-05;(1;;Comércio;GMAIL;PEQUENO;14
2814790209436551216;2021-05-13;(1;;Serviços;YAHOO;MEDIO;14
6909701795322574613;2015-04-21;11;;Serviços;GMAIL;MEDIO;99
1234611356650812259;2021-05-12;(1;;Serviços;HOTMAIL;PEQUENO;29
4121608857053177761;2021-03-11;;;Serviços;HOTMAIL;PEQUENO;64
5993765508162121762;2021-06-28;(8;;Serviços;GMAIL;GRANDE;64
503021894071666233;2021-04-13;(1;;Serviços;GMAIL;GRANDE;59
3183208564139585182;2021-07-15;(1;;Comércio;YAHOO;MEDIO;88
1956406515279457110;2008-03-31;37;;Serviços;HOTMAIL;GRANDE;35
4662079815415471798;2021-02-04;;;Serviços;GMAIL;GRANDE;13
7260748352873493818;2021-06-17;19;;Serviços;GMAIL;MEDIO;20
6615694774618628402;2021-07-18;(1;;Serviços;HOTMAIL;MEDIO;13
8707474618041058293;2021-02-03;19;;Comércio;GMAIL;GRANDE;28
4677213860368191144;2021-06-14;19;;Indústria;YAHOO;PEQUENO;11
2386535178006664233;2020-08-10;;X;;HOTMAIL;;71
1285245417998627607;2021-07-06;(7;;Indústria;YAHOO;GRANDE;45
8835646476961190471;2021-06-28;(1;;Indústria;YAHOO;GRANDE;71
4050525344257805036;2021-05-03;(1;;Comércio;AOL;MEDIO;70
1658487213084590146;2020-10-27;18;;Indústria;GMAIL;GRANDE;19
7957786135641291906;2021-04-14;;X;;YAHOO;PEQUENO;38
6978269497652315763;2016-07-31;;;Indústria;YAHOO;PEQUENO;76
7478791630746523220;2021-05-12;(1;;;HOTMAIL;GRANDE;75
5986344948775572227;2021-06-28;(4;X;;YAHOO;MEDIO;80
2310272650667756227;2021-07-05;;;Indústria;OUTLOOK;GRANDE;29
2432667449154431819;2021-07-14;(1;;Comércio;YAHOO;GRANDE;29
9060693308980292489;2020-12-29;(1;;Serviços;GMAIL;MEDIO;68
4898797487317475277;2011-02-14;33;;Comércio;OUTLOOK;GRANDE;35
1668564607105585557;2021-07-05;;;Serviços;BOL;MEDIO;83
5376084855227654309;2008-06-18;62;;Comércio;HOTMAIL;MEDIO;28
5448628641564935127;2021-03-24;(4;;Serviços;YAHOO;GRANDE;85
4559400286159883576;2017-07-10;;;Indústria;GMAIL;MEDIO;86
4189705495607963592;2020-10-26;12;;Serviços;HOTMAIL;PEQUENO;12
8829286411654484379;2021-04-13;(1;;Comércio;OUTLOOK;GRANDE;59
3454481508285917519;2009-12-02;19;;Serviços;GMAIL;PEQUENO;13
5057726374207815794;2011-02-14;43;;Serviços;YAHOO;PEQUENO;86
7720458526816091748;2021-07-12;(1;;Serviços;YAHOO;MEDIO;37
4003696935579172837;2021-06-20;(1;;Serviços;YAHOO;GRANDE;13
7742008298942700792;2021-07-11;(1;;Serviços;GMAIL;GRANDE;37
1415340753324392369;2004-08-13;11;;Comércio;HOTMAIL;MEDIO;23
2123312420728961012;2021-02-10;(1;;Indústria;HOTMAIL;GRANDE;84
8045116560666679751;2020-10-19;;;Comércio;GMAIL;MEDIO;35
2423599281313969582;2016-06-20;11;;Serviços;HOTMAIL;MEDIO;61
4986060939759481610;2021-06-24;(1;;Serviços;HOTMAIL;GRANDE;89
3965955331400146488;2017-11-29;65;X;;YAHOO;MEDIO;78
3156580765759568020;2011-01-31;11;;Serviços;AOL;GRANDE;48
5489089370448387505;2020-07-27;79;;Comércio;GMAIL;MEDIO;49
644457054514416604;2020-04-12;;;Serviços;OUTLOOK;MEDIO;65
1311488706225587300;2021-06-30;(1;;Comércio;HOTMAIL;PEQUENO;85
4237135112070444140;2020-06-02;;;Serviços;OUTLOOK;GRANDE;77
8278233100278581012;2017-02-28;;X;;AOL;GRANDE;38
4225765667813563302;2021-06-10;(1;;Comércio;YAHOO;GRANDE;95
8737605759444448951;2021-06-28;(5;;Indústria;HOTMAIL;GRANDE;96
3979129042322937623;2019-02-13;;;Serviços;YAHOO;MEDIO;64
8698916565946744099;2021-07-05;;;Comércio;HOTMAIL;MEDIO;87
8079157452200263869;2021-07-05;;;Comércio;YAHOO;PEQUENO;89
3941676647656952109;2021-06-23;(3;;Serviços;AOL;MEDIO;37
6518776090651183119;2021-02-04;;;;YAHOO;;42
6826420906256954294;2000-08-15;19;;Serviços;YAHOO;GRANDE;13
4424973922927242822;2006-07-16;;;Indústria;OUTLOOK;MEDIO;32
5044097686733078536;2021-05-23;(4;;Serviços;GMAIL;GRANDE;78
6915663759082844184;2021-03-21;(1;;Comércio;YAHOO;GRANDE;28
8027035272622701013;2019-02-27;(6;X;;AOL;MEDIO;78
7387419407817356825;2000-08-15;51;;Comércio;GMAIL;PEQUENO;91
5082455700818638342;2019-02-17;16;;Comércio;BOL;MEDIO;14
3431426889924624821;2020-08-13;92;;Serviços;HOTMAIL;MEDIO;69
5288503299611498087;2020-11-03;;;Comércio;YAHOO;PEQUENO;13
957773253650890560;2021-07-05;;;Comércio;GMAIL;MEDIO;20
6094038865287329652;2021-07-05;;;Serviços;GMAIL;GRANDE;48
1592581784061157609;2002-05-14;(2;;Comércio;;MEDIO;90
